ano;cod_ibge;municipio;uf;populacao;pib;pib_per_capita;pib_per_capita_ibge;receita_corrente;despesa_pessoal;investimento;crescimento_pib;crescimento_populacao;log_pib_per_capita;receita_corrente_pib;gasto_pessoal_pib;investimento_pib;dummy_pequeno_municipio;interacao_pequeno_pessoal;area_km2;area_por_habitante;distancia_capital_km
2019;5000252;Alcinópolis;MS;5343;167819985,0;31409,31779898933;31409,32;46557057,74;19509065,72;7589401,04;0,0015838777424426187;0,014236902050113853;10,354859873066943;0,27742260696781734;0,11624995509325066;0,04522346393964938;1;0,11624995509325066;4397,518;0,8230428598165824;310,71
2019;5000609;Amambai;MS;39396;972520383,0;24685,764620773683;24685,76;155044866,04;81336214,28;10289758,27;-0,05228970860729465;0,011242876944401736;10,113982025330671;0,15942582669755723;0,08363445712993349;0,01058050653731131;0;0,0;4193,742;0,10645095948827292;354,22
2019;5000708;Anastácio;MS;25135;500752223,0;19922,507380147206;19922,51;71062909,92;32680643,98;7194346,47;0,10006792974437406;0,0002785737026425039;9,89960539571466;0,14191232041719765;0,06526310314552512;0,014367078446299777;0;0,0;2913,177;0,11590121344738413;139,69
2019;5000807;Anaurilândia;MS;9035;261086194,0;28897,19911455451;28897,2;45478282,4;22390415,07;13646128,62;-0,0019383756294026888;0,0046702991215390455;10,27149995295242;0,17418876771400635;0,08575870951644421;0,05226675685501777;0;0,0;3415,657;0,3780472606530161;368,54
2019;5000856;Angélica;MS;10780;745122649,0;69120,83942486085;69120,84;53623518,44;25835109,44;3942004,68;-0,0975328450997569;0,015065913370998052;11,143611547861093;0,07196602936706598;0,0346722911653166;0,0052904104918705805;0;0,0;1283,627;0,11907486085343227;272,51
2019;5000906;Antônio João;MS;8956;374115255,0;41772,58318445735;41772,58;43846579,63;21755956,32;1584389,08;0,20041646303308291;0,007310763693622713;10,639995498635216;0,11720072636439272;0,0581530852571088;0,004235029336079867;0;0,0;1142,895;0,1276122152746762;318,63
2019;5001003;Aparecida do Taboado;MS;25745;1158781630,0;45009,968149155175;45009,97;111743558,67;64232599,72;2728296,18;-0,06494414306714391;0,01234713538594634;10,714639258647429;0,09643193831956069;0,05543115118247085;0,00235445239151746;0;0,0;2751,485;0,10687453874538747;452,53
2019;5001102;Aquidauana;MS;47871;960953022,0;20073,802970483175;20073,8;159410267,57;85321686,27;6707988,81;0,037314982037009115;0,0018206931190356546;9,907170909165826;0,16588768016799055;0,08878861330018274;0,006980558525159619;0;0,0;17087,021;0,35693887739967833;142,47
2019;5001243;Aral Moreira;MS;12149;505842640,0;41636,565972508026;41636,57;54691484,27;28055736,47;5099469,02;-0,15409835186128207;0,0155479394800635;10,636734049887865;0,10811956119397131;0,055463367955694676;0,010081137129918505;0;0,0;1653,86;0,1361313688369413;371,36
2019;5001508;Bandeirantes;MS;6788;381430059,0;56191,81776664702;56191,82;39594539,61;17942076,99;1253035,25;-0,08058418413169977;-0,006003807292429331;10,936526433941534;0,10380550424842107;0,047038969705321516;0,0032850983304386085;1;0,047038969705321516;3357,926;0,49468562168532704;69,13
2019;5001904;Bataguassu;MS;23024;840700803,0;36514,10714906185;36514,11;94120821,36;42247036,95;23109483,18;0,07114935162316316;0,0135141083769863;10,505453962134338;0,11195519383844338;0,050252166762828704;0,02748835625889131;0;0,0;2392,476;0,10391226546212648;336,79
2019;5002001;Batayporã;MS;11329;388322760,0;34276,87880660252;34276,88;42856495,85;26025367,98;3545176,78;-0,006568398120042285;0,0021229544449359317;10,442226318583991;0,1103630800574244;0,06701993975320941;0,009129459164330207;0;0,0;1826,578;0,16123029393591667;308,63
2019;5002100;Bela Vista;MS;24629;551949710,0;22410,56112712656;22410,56;85488902,07;43595406,75;4213706,83;0,00031945176339531756;0,004937163375224429;10,017287605621462;0,15488531023958685;0,07898438201915171;0,007634222382325376;0;0,0;4899,44;0,1989297170002842;324,65
2019;5002159;Bodoquena;MS;7875;220141040,0;27954,417777777777;27954,42;50067079,19;27462484,24;2903385,0;0,040272022051583534;0,007419726237687163;10,238330526120903;0,22743182820431845;0,1247494980490689;0,013188749358138765;0;0,0;2591,933;0,3291343492063492;266,52
2019;5002209;Bonito;MS;21976;790948242,0;35991,456224972695;35991,46;103419942,71;51013635,36;3794557,39;0,05261982405190624;0,01094856932560484;10,491036862187626;0,13075437458270497;0,06449680605017388;0,004797478758414132;0;0,0;5373,016;0,24449472151437932;297,29
2019;5002308;Brasilândia;MS;11872;600358360,0;50569,268867924526;50569,27;68103403,26;28182222,92;27283789,43;0,04579435480281702;-0,001597847111260653;10,831099336147178;0,1134379194119992;0,046942334441715784;0,045445839098501105;0;0,0;5803,542;0,4888428234501348;381,44
2019;5002407;Caarapó;MS;30174;1244924966,0;41258,2012991317;41258,2;118853835,59;66530803,54;2448838,99;-0,10713106234025693;0,014490804559055936;10,627605191373764;0,09547068203787633;0,0534416172516537;0,0019670574989497;0;0,0;2115,73;0,07011765095777822;273,99
2019;5002605;Camapuã;MS;13711;423338193,0;30875,807235066735;30875,81;64764150,09;32753955,02;1576586,67;-0,027441248042230137;-0,001165586071246394;10,337728218853815;0,1529844251260363;0,07737065911272503;0,003724177728514091;0;0,0;6238,127;0,4549724308949019;140,13
2019;5002704;Campo Grande;MS;895982;30221879933,0;33730,45433167184;33730,45;3600964130,95;2176701454,49;217632141,62;0,03581424735179484;0,011596333341236553;10,426156397626167;0,11915089792339556;0,07202402561705656;0,007201145067827572;0;0,0;8082,978;0,009021362036290908;0,0
2019;5002803;Caracol;MS;6116;120271092,0;19664,99215173316;19664,99;29810444,95;13719723,26;3878878,09;0,010097973742713373;0,01107621094395772;9,886595285767593;0,24786043307896463;0,11407332412014684;0,03225112556556816;1;0,11407332412014684;2943,206;0,4812305428384565;384,83
2019;5002902;Cassilândia;MS;21939;636865376,0;29028,915447376818;29028,92;89012631,53;41286266,07;4401151,92;0,11659328276960212;0,002879868348875547;10,276047696602452;0,13976679355544053;0,06482730515090837;0,0069106471883313685;0;0,0;3658,252;0,16674652445416838;417,75
2019;5002951;Chapadão do Sul;MS;25218;1875319373,0;74364,31806646046;74364,32;163504089,73;82006766,05;7279558,87;0,05499935785390253;0,026833340119711613;11,216731509897386;0,08718733037372615;0,04372949334961091;0,0038817702066153616;0;0,0;3252,327;0,12896847489888175;330,08
2019;5003108;Corguinho;MS;5947;111263430,0;18709,169329073484;18709,17;28064272,67;12324889,8;1580405,99;0,0348686214049585;0,018496317862647604;9,836769021119188;0,25223267582169634;0,11077215397727717;0,014204181823263943;1;0,11077215397727717;2639,657;0,4438636287203632;100,1
2019;5003157;Coronel Sapucaia;MS;15253;213915608,0;14024,494066740968;14024,49;50576347,65;26055285,37;2699129,04;0,012105512103091964;0,00666578669482587;9,548560656067568;0,23643131103364837;0,12180170308096454;0,012617728389412334;0;0,0;1023,727;0,06711643611092899;397,23
2019;5003207;Corumbá;MS;111435;2781446042,0;24960,25523399291;24960,26;547729080,56;305138267,84;80969168,68;-0,08980867581304552;0,005676587910401931;10,125040048151952;0,19692241815561343;0,10970490285714483;0,029110458177998337;0;0,0;64432,45;0,5782065778256382;427,29
2019;5003256;Costa Rica;MS;20823;1533745900,0;73656,33674302454;73656,34;146158080,14;47127078,03;29856248,45;-0,15860507415594416;0,015954332552693185;11,207165456791495;0,0952948465192311;0,030726783380480432;0,019466228695379072;0;0,0;4159,384;0,1997495077558469;338,89
2019;5003306;Coxim;MS;33543;895095036,0;26685,00241481084;26685,0;129038356,7;63691884,02;8025400,59;-0,004193498934377149;0,0008055853920516665;10,191856979261233;0,14416162698951668;0,07115656043030497;0,008965975977102837;0;0,0;6391,486;0,1905460453745938;252,78
2019;5003454;Deodápolis;MS;12924;303946144,0;23517,962240792323;23517,96;40636049,49;19008354,86;2077978,1;0,029780096995978944;0,004351880634131167;10,065519758837057;0,13369490053474736;0,0625385622921408;0,006836665445573147;0;0,0;828,533;0,06410809346951409;248,54
2019;5003488;Dois Irmãos do Buriti;MS;11385;212899800,0;18700,026350461132;18700,03;50018662,11;22501114,76;1872241,93;0,03400867438414101;0,012990479580033742;9,836280211957254;0,23493992061054073;0,10568875480390306;0,008794005114142897;0;0,0;2431,609;0,2135800614844093;89,83
2019;5003504;Douradina;MS;5924;128718508,0;21728,309925725862;21728,31;29454007,32;15533216,03;3512178,47;-0,08179743830072006;0,005943284088979484;9,986371294143193;0,22882495903386327;0,1206758551769416;0,027285730114273855;1;0,1206758551769416;280,457;0,04734250506414585;198,0
2019;5003702;Dourados;MS;222949;9476661469,0;42505,96086548942;42505,96;902911417,39;523234828,63;16928901,16;0,11606082672522033;0,008978797547122941;10,657399600736177;0,09527737382448435;0,0552129914465767;0,001786378168659683;0;0,0;4062,236;0,018220471946498975;224,52
2019;5003751;Eldorado;MS;12353;356287257,0;28842,164413502793;28842,16;47650867,85;24168847,76;1785244,92;-0,03684343495249931;0,0039008533116620114;10,269593637594735;0,1337428350686143;0,06783528539164116;0,005010689787313948;0;0,0;1012,796;0,08198785720068;441,3
2019;5003900;Figueirão;MS;3051;105022452,0;34422,30481809243;34422,3;27797136,78;11565350,69;2988525,33;0,09158606974953631;0,0022996057818660542;10,446460029118485;0,26467804027276;0,1101226496787563;0,028456061281067785;1;0,1101226496787563;4879,932;1,5994532940019666;258,06
2019;5003801;Fátima do Sul;MS;19189;493029031,0;25693,315493251343;25693,32;63572064,7;35667258,9;909939,76;-0,011813382048559307;-0,0023396069460330793;10,153986139513222;0,12894182837683651;0,0723431211092314;0,0018456109129200548;0;0,0;315,333;0,016433008494449945;239,12
2019;5004007;Glória de Dourados;MS;9965;209764172,0;21050,092523833417;21050,09;33205262,57;14366896,76;2823282,63;0,12605888281848898;-0,0016030457869953274;9,954660234532383;0,15829806517196846;0,0684907085086008;0,013459317685576925;0;0,0;493,434;0,04951670847967888;276,09
2019;5004106;Guia Lopes da Laguna;MS;9895;241806869,0;24437,278322385042;24437,28;36796005,42;19339219,64;1924116,77;-0,061773011383796206;-0,007323434991974298;10,103865045479827;0,152171051104425;0,07997795811168623;0,007957246119422686;0;0,0;1225,426;0,12384295098534613;231,37
2019;5004304;Iguatemi;MS;16078;420026135,0;26124,27758427665;26124,28;59927039,76;30050694,52;4455368,3;0,04123233711620977;0,0063215872817175;10,17062033660829;0,14267454990628142;0,0715448207050259;0,010607359706319227;0;0,0;2957,41;0,18394141062321184;409,7
2019;5004403;Inocência;MS;7610;472721617,0;62118,47792378449;62118,48;49247981,25;24610259,71;4294405,78;0,39742438586664486;-0,0019672131147541183;11,03679877476966;0,10417966828455827;0,05206078762841937;0,009084428605684008;1;0,05206078762841937;5761,19;0,7570551905387647;329,83
2019;5004502;Itaporã;MS;24839;810886215,0;32645,68682314103;32645,69;73384475,67;38179911,47;2058512,09;-0,012751290509646518;0,03989784811186459;10,393468022552149;0,09049910371210343;0,04708417872167182;0,0025385954920937952;0;0,0;1342,764;0,054058698015218;234,51
2019;5004601;Itaquiraí;MS;21142;686232502,0;32458,258537508278;32458,26;81095371,67;36831542,45;2067186,55;-0,08277108852723603;0,011337000717531742;10,38771019013797;0,11817477521634498;0,05367210434168564;0,0030123705070442728;0;0,0;2063,717;0,09761219373758397;406,51
2019;5004700;Ivinhema;MS;23187;1382579177,0;59627,34191572864;59627,34;106630420,14;51356779,68;8562528,74;0,10744878040133954;0,00203111495246322;10,995869504831944;0,07712427751976768;0,03714563370716815;0,0061931561551356994;0;0,0;2003,43;0,08640315694138957;289,24
2019;5004809;Japorã;MS;9110;107706142,0;11822,847639956091;11822,85;37756996,64;16443807,79;2653767,18;-0,17359926195650432;0,014928698752228131;9,377789179030191;0,350555650206095;0,15267288832980389;0,024638958658457936;0;0,0;416,605;0,0457305159165752;467,39
2019;5004908;Jaraguari;MS;7187;198720212,0;27649,952970641436;27649,95;32345670,68;15797529,42;2472561,98;-0,5816925163309092;0,01111423747889706;10,227379306068073;0,16276990827686919;0,07949633940607914;0,012442428251837815;1;0,07949633940607914;2912,836;0,4052923333797133;47,34
2019;5005004;Jardim;MS;26097;596916861,0;22873,006897344523;22873,01;87262292,4;53271882,85;2209702,42;-0,014137597521916123;0,0050063542188161225;10,037712756176937;0,1461883523507975;0,08924506297368605;0,0037018596129084714;0;0,0;2126,133;0,08147039889642486;236,0
2019;5005103;Jateí;MS;4027;302061254,0;75009,00273156195;75009,0;47617147,4;22740388,49;2997686,0;-0,00958656939124225;-0,001735250371839414;11,225363421735478;0,15764069959134844;0,07528402994049677;0,009924099699327872;1;0,07528402994049677;1933,316;0,48008840327787433;265,72
2019;5005152;Juti;MS;6712;288711862,0;43014,282181168055;43014,28;32938686,16;13536255,06;2771319,36;0,01461110696622625;0,011147936125339042;10,66928748327627;0,11408844074442635;0,04688499795689032;0,009598910625985987;1;0,04688499795689032;1569,176;0,23378665077473182;311,48
2019;5005202;Ladário;MS;23331;363291519,0;15571,193647936223;15571,19;69758929,35;37965276,47;1799891,49;0,12053447219717417;0,015804597701149392;9,653177925212375;0,19201915184262805;0,10450361344658861;0,004954399967701971;0;0,0;354,255;0,015183875530410184;426,22
2019;5005251;Laguna Carapã;MS;7341;491949056,0;67013,90219316169;67013,9;45322552,54;23634676,4;2548443,46;-0,1758196925311183;0,01018301912756292;11,112655372269229;0,092128548651997;0,04804293475461004;0,005180299522721312;1;0,04804293475461004;1725,78;0,23508786268900694;280,39
2019;5005400;Maracaju;MS;47083;2548084605,0;54118,99422296795;54118,99;216877699,62;101401114,02;17935726,74;-0,12798883060868826;0,025058782548114555;10,89894049790967;0,08511401041960301;0,03979503420766517;0,007038905499764596;0;0,0;5396,905;0,11462534248030073;160,16
2019;5005608;Miranda;MS;28013;515590249,0;18405,392103666156;18405,39;85825139,11;46278101,45;1922906,67;0,029595532459758322;0,007843137254901933;9,820398949778864;0,16645997335376295;0,08975751876564292;0,0037295248964260377;0;0,0;5471,436;0,19531774533252416;209,22
2019;5005681;Mundo Novo;MS;18366;544368282,0;29640,00228683437;29640,0;73156072,13;37053336,57;1240612,86;0,049574528517880356;0,006025416301489894;10,296880156563676;0,13438709518715125;0,06806667066249095;0,0022789954907769592;0;0,0;478,38;0,02604704344985299;463,53
2019;5005707;Naviraí;MS;54878;1908762231,0;34781,9204599293;34781,92;216470419,03;113314508,96;5574603,28;0,037294062492762015;0,015300364470592687;10,45685300374812;0,11340879210324233;0,059365439612997034;0,0029205331022709243;0;0,0;3189,667;0,05812287255366449;364,75
2019;5005806;Nioaque;MS;13930;315020549,0;22614,54048815506;22614,54;51274435,54;26091239,23;1397338,66;0,1253380004593294;-0,011004614838480697;10,026348362808985;0,16276536785541568;0,08282392787652719;0,004435706383077886;0;0,0;3909,44;0,28064895908111986;185,36
2019;5006002;Nova Alvorada do Sul;MS;21882;1542215353,0;70478,72008957133;70478,72;109079323,6;52095666,86;4167875,5;0,03319373561325367;0,027323943661971883;11,163066100535566;0,07072898307477814;0,03377976153502863;0,0027025249696110373;0;0,0;4025,012;0,1839416872315145;116,96
2019;5006200;Nova Andradina;MS;54374;2159902368,0;39723,072939272446;39723,07;186505235,71;88753922,96;16320493,11;0,030724379281317882;0,016013603154138023;10,58968748020366;0,08634891950356897;0,041091636490117496;0,0075561253840895825;0;0,0;4770,685;0,08773834921101999;297,93
2019;5006259;Novo Horizonte do Sul;MS;3814;178434476,0;46784,078657577345;46784,08;28000003,29;13129269,39;1923740,33;0,05761971946900557;-0,033696478337978175;10,753298224400302;0,15692036605078494;0,073580339877816;0,010781214332145095;1;0,073580339877816;849,19;0,22265076035658102;322,4
2019;5006309;Paranaíba;MS;42148;1373410937,0;32585,43553668027;32585,44;151296620,18;84972636,6;4062767,07;0,042394754167936144;0,0032849321590098235;10,3916207048481;0,11016121694100067;0,06186978296940706;0,0029581583782014105;0;0,0;5405,48;0,1282499762740818;406,07
2019;5006358;Paranhos;MS;14228;179501555,0;12616,07780432949;12616,08;62993876,27;29874231,79;3095757,31;0,06518422987936345;0,012813211845102535;9,442727295739385;0,3509377747173277;0,16642881890354655;0,017246409425255398;0;0,0;1307,092;0,09186758504357606;463,01
2019;5006275;Paraíso das Águas;MS;5555;738899379,0;133015,1897389739;133015,19;51798148,14;19542584,51;14466043,34;0,01858531432731758;0,01833180568285986;11,798218609246304;0,07010176163647852;0,026448235125665197;0,019577825819231065;1;0,026448235125665197;5061,433;0,9111490549054906;277,43
2019;5006408;Pedro Gomes;MS;7674;223217658,0;29087,523846755277;29087,52;32153177,86;15439502,75;2506376,79;-0,021847494608634777;0,0010435690060004443;10,278064627438498;0,14404406061817923;0,06916792734202058;0,011228398382353783;1;0,06916792734202058;3553,782;0,4630938232994527;304,47
2019;5006606;Ponta Porã;MS;92526;3219706709,0;34797,8590774485;34797,86;303628383,57;169834567,59;47227518,97;0,05139311462426277;0,015853845984936665;10,457311143107113;0,09430311857948798;0,05274845908022115;0,014668267403979869;0;0,0;5359,354;0,057922681192313516;314,71
2019;5006903;Porto Murtinho;MS;17131;354838569,0;20713,243184869534;20713,24;86201066,75;45489080,47;2610783,55;0,03094568054767044;0,003103407893195964;9,938528542074552;0,2429303753335788;0,12819655033046873;0,007357665648798172;0;0,0;17505,2;1,0218434417138522;440,52
2019;5007109;Ribas do Rio Pardo;MS;24615;1122905935,0;45618,76640260004;45618,77;149533087,1;54749503,95;6005305,14;0,2893047066657155;0,014716794459559646;10,728074454758174;0,13316617397698588;0,048756981545386525;0,005348003739957078;0;0,0;17315,283;0,7034443631931748;97,31
2019;5007208;Rio Brilhante;MS;37514;2334595142,0;62232,63693554406;62232,64;182310061,83;94219944,77;7620263,64;0,01792178644726139;0,018571816453977652;11,03863485069;0,07809065415677115;0,04035815164477884;0,0032640621506099233;0;0,0;3983,562;0,10618867622754172;161,57
2019;5007307;Rio Negro;MS;4831;105600575,0;21858,947422893812;21858,95;26240966,94;11850392,9;1523559,68;0,10856511692311699;0,002490143183232929;9,992365609742961;0,24849265205232074;0,11221901869379027;0,014427569925637242;1;0,11221901869379027;1828,8;0,37855516456220245;153,94
2019;5007406;Rio Verde de Mato Grosso;MS;19746;482075838,0;24413,84776663628;24413,85;88489298,53;46821516,13;2811220,97;0,029964909360040703;0,003251702062798456;10,102905781715764;0,18355887508720153;0,09712479331934491;0,005831491123187137;0;0,0;8173,868;0,4139505722678011;201,56
2019;5007505;Rochedo;MS;5499;179112370,0;32571,80760138207;32571,81;32397074,9;14951815,82;1369666,6;0,017634958336209205;0,017767906718489712;10,391202395698095;0,1808756977533154;0,08347729316517893;0,007646968213306541;1;0,08347729316517893;1309,574;0,238147663211493;85,28
2019;5007554;Santa Rita do Pardo;MS;7851;255663919,0;32564,503757483122;32564,5;47319158,62;20124708,6;10410659,96;-0,23413953225820383;0,006409434687860482;10,390978132340923;0,18508344394110612;0,07871548194487311;0,040720098482101424;1;0,07871548194487311;6142,001;0,7823208508470259;240,1
2019;5007802;Selvíria;MS;6529;2308035598,0;353505,2225455659;353505,22;80477768,92;33175248,54;5749082,79;-0,021583931681064317;0,002148887183422765;12,775653538030188;0,03486851285558032;0,014373802799552833;0,0024908986650733623;1;0,014373802799552833;3254,917;0,4985322407719406;398,44
2019;5007703;Sete Quedas;MS;10791;267443420,99999997;24783,932999721987;24783,93;44450415,8;21655007,34;3775884,65;0,07204700255078889;-0,0019422863485016872;10,117950859284774;0,1662049327435129;0,08097042454448712;0,014118442831315713;0;0,0;839,117;0,07776081920118617;469,41
2019;5007901;Sidrolândia;MS;57665;1992067819,0;34545,52707881731;34545,53;191857677,04;100942065,52;5784361,46;-0,08034554328250754;0,028244860113050718;10,450033358551968;0,09631081593211561;0,05067200250776201;0,0029036970553059267;0;0,0;5265,695;0,09131526922743431;71,08
2019;5007935;Sonora;MS;19274;764438745,0;39661,65533879838;39661,66;77626671,94;36877851,3;4815068,24;0,07014134111933412;0,023688124070533334;10,588140139447813;0,10154727562899758;0,04824173492148151;0,006298828089881813;0;0,0;4185,528;0,2171592819342119;359,54
2019;5007695;São Gabriel do Oeste;MS;26771;1574225992,0;58803,40637256733;58803,41;152114582,83;74603404,62;17928747,69;-0,07195062397591645;0,015476235633273827;10,981955063715;0,09662817384735445;0,04739053032990451;0,011388928769510497;0;0,0;3849,875;0,14380766501064585;136,75
2019;5007950;Tacuru;MS;11552;197864598,0;17128,168109418282;17128,17;45177572,03;23148140,11;3992462,13;-0,11116722974796378;0,010939004113065476;9,748479645110324;0,22832569588825588;0,11698980183408049;0,020177748674373774;0;0,0;1784,207;0,15445005193905817;421,18
2019;5007976;Taquarussu;MS;3588;109807276,0;30604,034559643256;30604,03;33715356,72;14950605,31;1538433,58;-0,03085932202086894;0,0013954786491767734;10,328887127603597;0,30704119023952475;0,13615313897778505;0,014010306384433032;1;0,13615313897778505;1052,232;0,29326421404682274;330,1
2019;5008008;Terenos;MS;21806;568755023,0;26082,50128405026;26082,5;76034228,14;40309527,59;2593174,77;0,09297819071842661;0,02322744122753506;10,16901991957246;0,13368537430921293;0,07087326873594926;0,004559387900122334;0;0,0;2845,723;0,13050183435751628;32,59
2019;5008305;Três Lagoas;MS;121388;10354989194,0;85304,88346459287;85304,88;648056408,41;305244255,89;34076677,12;-0,10304406507305419;0,01609676474281163;11,353986982305186;0,06258397727594962;0,029477988839125772;0,0032908462270289066;0;0,0;10217,071;0,08416870695620654;324,44
2019;5008404;Vicentina;MS;6102;266726287,0;43711,289249426416;43711,29;31603577,35;13593638,67;1660310,41;0,010752781279053325;0,005768913795945352;10,685361682948031;0,11848692420031326;0,05096475050469997;0,006224772326246194;1;0,05096475050469997;312,429;0,05120108161258603;247,47
2019;5000203;Água Clara;MS;15522;1128137606,0;72679,91276897307;72679,91;86873549,02;48453101,1;2632191,73;-0,15396245372434447;0,017369076489480273;11,193820322302633;0,07700616357256687;0,04294963738670015;0,0023332186747438326;0;0,0;7781,558;0,5013244427264528;190,8
2020;5000252;Alcinópolis;MS;5417;240729273,0;44439,59257891822;44439,59;50165097,42;21208293,17;9103832,34;0,4344493774087752;0,013849897061575911;10,701886075820411;0,20838802358697772;0,08810018368642687;0,03781772040660797;1;0,08810018368642687;4397,518;0,8117995200295367;310,71
2020;5000609;Amambai;MS;39826;1275207107,0;32019,462336162305;32019,46;182822948,75;92617448,16;21059796,15;0,3112394653017776;0,0109148136866688;10,374099194909487;0,14336725991129534;0,07262933812993562;0,016514804563428454;0;0,0;4193,742;0,10530161201225331;354,22
2020;5000708;Anastácio;MS;25237;582334356,0;23074,626778143203;23074,63;77827742,79;39825272,46;3792569,54;0,16291916291702613;0,0040580863337975615;10,046488884945262;0,1336478639601336;0,06838901405981962;0,0065127009954398084;0;0,0;2913,177;0,1154327772714665;139,69
2020;5000807;Anaurilândia;MS;9076;322117146,0;35491,09144997796;35491,09;48647919,91;23608264,29;8766778,6;0,23375786771781581;0,004537908135030522;10,47703699890048;0,15102555239328985;0,07329092717715809;0,02721611906992371;0;0,0;3415,657;0,3763394667254297;368,54
2020;5000856;Angélica;MS;10932;952294608,0;87110,73984632273;87110,74;60875577,54;28755012,68;4698522,89;0,2780373932775193;0,014100185528757025;11,374935460019008;0,06392515197355816;0,030195500886423164;0,0049338963494372735;0;0,0;1283,627;0,11741922795462861;272,51
2020;5000906;Antônio João;MS;9020;533686883,99999994;59167,06031042128;59167,06;52526370,32;25472615,59;5901180,81;0,42653066633168946;0,007146047342563744;10,988120252341247;0,09842169986699544;0,047729513978462326;0,011057383995968693;0;0,0;1142,895;0,12670676274944567;318,63
2020;5001003;Aparecida do Taboado;MS;26069;1236361751,0;47426,512371015386;47426,51;123161239,26;62379195,5;22829951,2;0,06694973322971998;0,012584967954942794;10,76693668403677;0,09961586013186201;0,05045383800456959;0,018465429864305143;0;0,0;2751,485;0,10554624266370019;452,53
2020;5001102;Aquidauana;MS;48029;1034955250,0;21548,548793437298;21548,55;191927274,25;90586738,44;24804805,2;0,07700920472260098;0,0033005368594765105;9,978063751892543;0,18544499798421235;0,08752720317134484;0,023967031618033725;0;0,0;17087,021;0,35576466301609444;142,47
2020;5001243;Aral Moreira;MS;12332;956114025,0;77531,1405287058;77531,14;67192137,09;32033747,72;4364738,46;0,8901412205977732;0,015062968145526323;11,258434947909727;0,0702762801643873;0,03350410817370867;0,004565081513159479;0;0,0;1653,86;0,13411125527084009;371,36
2020;5001508;Bandeirantes;MS;7266;573409520,0;78916,80704651804;78916,81;50080414,85;23953192,17;3954762,29;0,5033149760229043;0,07041838538597522;11,276149501215187;0,08733795499244588;0,04177327256443179;0,0068969247144693374;1;0,04177327256443179;3357,926;0,4621423066336361;69,13
2020;5001904;Bataguassu;MS;23325;918829116,0;39392,459421221865;39392,46;103433558,96;45723563,55;52740236,46;0,09293236395302928;0,013073314801945735;10,581329691721356;0,11257105065442875;0,049762858788205834;0,05739939618979162;0;0,0;2392,476;0,10257131832797428;336,79
2020;5002001;Batayporã;MS;11349;514261110,0;45313,34126354745;45313,34;50006223,35;29882982,53;2421506,81;0,32431359418644434;0,0017653808809250382;10,721356777240908;0,09723897525519673;0,05810857937517383;0,004708710736458372;0;0,0;1826,578;0,16094616265750286;308,63
2020;5002100;Bela Vista;MS;24735;687331305,0;27787,802910855065;27787,8;102971183,94;50497775,29;6880978,51;0,24527885882936684;0,004303869422225937;10,232352459188478;0,14981302785270342;0,07346933701790288;0,010011152496538769;0;0,0;4899,44;0,19807721851627247;324,65
2020;5002159;Bodoquena;MS;7838;265252197,99999997;33841,821638173;33841,82;55203047,76;30304275,12;2879838,58;0,20491934625183905;-0,004698412698412646;10,429452643186606;0,20811532638082042;0,11424702735168289;0,010856982908017223;0;0,0;2591,933;0,33068805817810665;266,52
2020;5002209;Bonito;MS;22190;961001653,0;43307,8707976566;43307,87;113211088,37;61302739,95;5727634,99;0,21499941711735926;0,0097378958864216;10,676089671089695;0,11780530035154893;0,06379046254356444;0,0059600677814859076;0;0,0;5373,016;0,24213681838666065;297,29
2020;5002308;Brasilândia;MS;11853;729586575,0;61552,90432801822;61552,9;75295037,88;32436852,42;13920002,8;0,21525179561087482;-0,001600404312668502;11,027652316982183;0,1032023346646695;0,044459223252566016;0,019079302274716336;0;0,0;5803,542;0,48962642369020504;381,44
2020;5002407;Caarapó;MS;30593;1908492411,0;62383,30372961135;62383,3;138724064,08;76028854,15;10079644,23;0,5330180236742075;0,013886127129316694;11,041052950118983;0,07268777349096832;0,039837126787506;0,005281469379654767;0;0,0;2115,73;0,06915732357075148;273,99
2020;5002605;Camapuã;MS;13693;540187340,0;39449,88972467684;39449,89;78388842,71;35916823,59;8071420,27;0,27601843852534236;-0,0013128145284807546;10,582786530951402;0,14511417966589146;0,06648956932237621;0,014941890844757671;0;0,0;6238,127;0,45557051047980723;140,13
2020;5002704;Campo Grande;MS;906092;30139204019,0;33262,85191680315;33262,85;4140063800,41;2367578029,92;184835368,56;-0,0027356310786518234;0,011283708824507688;10,412196495216543;0,13736473590344556;0,07855476303977568;0,006132722298952497;0;0,0;8082,978;0,00892070341643012;0,0
2020;5002803;Caracol;MS;6182;145826928,0;23588,956324813975;23588,96;38273803,84;14780632,99;10582532,2;0,21248527451634014;0,010791366906474753;10,068533929151446;0,2624604684808282;0,1013573637785197;0,07256912248744621;1;0,1013573637785197;2943,206;0,47609285021028797;384,83
2020;5002902;Cassilândia;MS;22002;732608331,0;33297,35164985001;33297,35;102919596,57;48760467,39;10530551,21;0,1503346839191333;0,002871598523177976;10,41323314277132;0,14048379224614632;0,0665573476668531;0,0143740533166282;0;0,0;3658,252;0,16626906644850467;417,75
2020;5002951;Chapadão do Sul;MS;25865;2113588518,0000002;81716,16153102649;81716,16;178704524,89;94774501,34;13775969,48;0,12705523572704025;0,02565627726227304;11,311007076842417;0,0845502913022543;0,04484056406101275;0,0065178105211489415;0;0,0;3252,327;0,12574239319543787;330,08
2020;5003108;Corguinho;MS;6054;125794365,0;20778,71902874133;20778,72;35438218,16;13564428,65;2982693,77;0,1305993802276273;0,017992265007566788;9,941684618322965;0,2817154660306127;0,10783017705125345;0,023710869481315795;1;0,10783017705125345;2639,657;0,4360186653452263;100,1
2020;5003157;Coronel Sapucaia;MS;15352;265900579,00000003;17320,25657894737;17320,26;56605793,16;29194088,85;5899488,49;0,24301625994490328;0,0064905264538124285;9,759631996033685;0,21288330161928676;0,10979325039378722;0,022186820774090905;0;0,0;1023,727;0,06668362428348097;397,23
2020;5003207;Corumbá;MS;112058;2885545561,0;25750,464589766016;25750,46;626122670,6;342988057,62;51320099,46;0,037426402464074915;0,005590703100462058;10,156207948250131;0,21698588962255516;0,11886419755615843;0,017785232766248462;0;0,0;64432,45;0,5749919684449124;427,29
2020;5003256;Costa Rica;MS;21142;1966225507,0;93000,92266578374;93000,92;167819681,62;52333424,77;47345011,82;0,28197604766213225;0,015319598520866284;11,44036469322364;0,08535118734984451;0,026616186487097588;0,02407913621883454;0;0,0;4159,384;0,19673559738908333;338,89
2020;5003306;Coxim;MS;33459;1007859768,0;30122,232224513584;30122,23;153758032,4;77007227,78;9086921,1;0,12598073664213683;-0,0025042482783292908;10,31301879020737;0,15255895441199913;0,07640668893135141;0,009016056983832298;0;0,0;6391,486;0,1910244179443498;252,78
2020;5003454;Deodápolis;MS;12984;398478523,0;30689,96634319162;30689,97;49915928,89;22311440,63;13158300,19;0,31101687212060836;0,00464252553389044;10,331691050942982;0,12526629669825393;0,05599157631388831;0,033021353549837366;0;0,0;828,533;0,06381184534812076;248,54
2020;5003488;Dois Irmãos do Buriti;MS;11467;267368260,0;23316,3216185576;23316,32;62203860,45;25591910,39;1773943,78;0,255840822772027;0,007202459376372428;10,056908892969671;0,23265237410753245;0,09571783273751343;0,006634833094997888;0;0,0;2431,609;0,2120527600941833;89,83
2020;5003504;Douradina;MS;5975;181442545,0;30366,953138075314;30366,95;31778352,9;17576020,4;5100585,89;0,409607272638679;0,008609047940580705;10,321110228281063;0,1751427863845274;0,09686824223061906;0,028111300411929295;1;0,09686824223061906;280,457;0,046938410041841;198,0
2020;5003702;Dourados;MS;225495;10856422295,0;48144,847091953256;48144,85;982063238,02;553744454,5;26103204,9;0,14559566472997543;0,011419652028042293;10,781969393679171;0,09045919653220343;0,051006163858882944;0,002404402130895554;0;0,0;4062,236;0,018014749772722233;224,52
2020;5003751;Eldorado;MS;12400;443891160,0;35797,67419354839;35797,67;57508202,71;29817683,76;6061640,0;0,24587997824463304;0,003804743786934406;10,485638203617707;0,12955473749465973;0,06717341196882587;0,013655689831714604;0;0,0;1012,796;0,08167709677419355;441,3
2020;5003900;Figueirão;MS;3059;126629752,0;41395,79993461916;41395,8;33745208,86;13594410,37;4942055,69;0,20573981647276707;0,0026220911176664252;10,63093470381231;0,2664872064189149;0,10735557920069211;0,03902760300754597;1;0,10735557920069211;4879,932;1,5952703497875123;258,06
2020;5003801;Fátima do Sul;MS;19170;596151182,0;31098,131559728743;31098,13;72811189,39;39672282,79;7140306,62;0,209160403375922;-0,0009901506071187116;10,344903017897229;0,12213544414309323;0,06654735239625843;0,01197734204945349;0;0,0;315,333;0,01644929577464789;239,12
2020;5004007;Glória de Dourados;MS;9950;255438065,0;25672,16733668342;25672,17;41123443,49;16331092,81;3355149,34;0,21773924767285813;-0,0015052684395383542;10,153162701025048;0,1609918376495688;0,06393366943959586;0,013134883949265744;0;0,0;493,434;0,0495913567839196;276,09
2020;5004106;Guia Lopes da Laguna;MS;9824;319745665,0;32547,40075325733;32547,4;42724295,93;23738218,17;1515375,83;0,32231837053396517;-0,007175341081354203;10,390452790477628;0,13361962524183088;0,07424093824696576;0,004739316262505076;0;0,0;1225,426;0,12473798859934852;231,37
2020;5004304;Iguatemi;MS;16176;576432709,0;35635,058667161225;35635,06;68204901,46;33158140,49;9649660,32;0,3723734333817108;0,006095285483268986;10,481085226269995;0,11832239981371355;0,057523003070944746;0,016740306664311793;0;0,0;2957,41;0,18282702769535114;409,7
2020;5004403;Inocência;MS;7588;296497229,0;39074,489852398525;39074,49;58175007,83;27470211,39;3890959,05;-0,37278681926661295;-0,002890932982917205;10,573225099603647;0,1962075936635482;0,09264913362815948;0,013123087399916307;1;0,09264913362815948;5761,19;0,7592501317870322;329,83
2020;5004502;Itaporã;MS;25162;1059152095,9999999;42093,31913202447;42093,32;86776543,94;45683101,24;8298916,7;0,306166113577353;0,013003744112081828;10,647644316627085;0,0819302008349139;0,043131766827943854;0,007835434335957733;0;0,0;1342,764;0,05336475637866624;234,51
2020;5004601;Itaquiraí;MS;21376;935133260,0;43746,87780688623;43746,88;96329875,02;40274957,81;12874870,75;0,36270616339883;0,011068016270929792;10,68617552482517;0,10301192262159513;0,04306868286344558;0,013767952976028251;0;0,0;2063,717;0,09654364708083833;406,51
2020;5004700;Ivinhema;MS;23232;1459965675,0;62842,87512913223;62842,88;121747347,21;59228163,93;11520811,95;0,055972561490415185;0,001940742657523531;11,04839284449179;0,08339055451423541;0,040568189337739056;0,007891152612200967;0;0,0;2003,43;0,08623579545454546;289,24
2020;5004809;Japorã;MS;9243;138566876,0;14991,54776587688;14991,55;44350086,5;17508830,01;6098892,71;0,2865271508843015;0,014599341383095599;9,615241838993672;0,3200626858326517;0,1263565327834915;0,04401407382526254;0;0,0;416,605;0,04507248728767716;467,39
2020;5004908;Jaraguari;MS;7265;261042014,0;35931,45409497591;35931,45;36210291,75;16360128,84;3562161,06;0,3136158188076008;0,010852928899401704;10,489368349507869;0,13871442069857767;0,06267239740189869;0,01364593003791336;1;0,06267239740189869;2912,836;0,40094094975911904;47,34
2020;5005004;Jardim;MS;26238;715522641,0;27270,471872856164;27270,47;100642388,98;62728438,09;7859185,92;0,19869731908946697;0,005402919875847845;10,213559779425026;0,14065577133847817;0,08766799888027584;0,01098383960152003;0;0,0;2126,133;0,08103258632517722;236,0
2020;5005103;Jateí;MS;4021;401857419,0;99939,67147475752;99939,67;52647749,71;21732597,09;1923178,42;0,3303838664458434;-0,0014899428855227326;11,512321997668034;0,13101101838809154;0,054080367967525314;0,004785723316458169;1;0,054080367967525314;1933,316;0,48080477493160906;265,72
2020;5005152;Juti;MS;6787;414151745,0;61021,32680123766;61021,33;38173084,29;15784346,82;4672334,64;0,4344812233589488;0,011174016686531507;11,018978701745146;0,09217173355143052;0,038112472084356426;0,011281697340186263;1;0,038112472084356426;1569,176;0,23120318255488434;311,48
2020;5005202;Ladário;MS;23689;327066291,0;13806,673603782347;13806,67;78789999,35;43351651,79;5319953,44;-0,09971393799589356;0,015344391582015282;9,532907348728154;0,24089917401484826;0,13254698812724788;0,016265673309634958;0;0,0;354,255;0,014954409219468952;426,22
2020;5005251;Laguna Carapã;MS;7419;725817813,0;97832,29720986656;97832,3;53003063,25;24608688,76;6608607,28;0,4753922263853272;0,010625255414793644;11,491010038826266;0,07302529960090687;0,03390477378653147;0,009105049726852048;1;0,03390477378653147;1725,78;0,23261625556004853;280,39
2020;5005400;Maracaju;MS;48022;3680728815,0;76646,72056557411;76646,72;254135362,78;134812606,08;17977870,29;0,44450808571169875;0,019943504024807268;11,246962098852048;0,06904484833121291;0,03662660653797718;0,004884323511347847;0;0,0;5396,905;0,11238401149473158;160,16
2020;5005608;Miranda;MS;28220;561023969,0;19880,36743444366;19880,37;97859378,37;51823530,44;3801949,34;0,08811982012483721;0,007389426337771843;9,897487962657653;0,1744299419941539;0,09237311292131263;0,006776803755420296;0;0,0;5471,436;0,1938850460666194;209,22
2020;5005681;Mundo Novo;MS;18473;640595596,0;34677,39923131056;34677,4;83045131,51;46569981,44;5061560,87;0,17676877434236693;0,005825982794293694;10,453843434752192;0,1296373750124876;0,07269794193215152;0,007901335728196296;0;0,0;478,38;0,025896172792724517;463,53
2020;5005707;Naviraí;MS;55689;2541335665,0;45634,42807376681;45634,43;218202371,62;123654587,9;16178384,01;0,3314050454930655;0,014778235358431369;10,728417712249826;0,08586129515480594;0,04865732205430643;0,006366094897582135;0;0,0;3189,667;0,05727642801989621;364,75
2020;5005806;Nioaque;MS;13862;400245023,0;28873,54083104891;28873,54;63105987,24;28364641,94;6111687,06;0,2705362373043163;-0,004881550610193797;10,27068091255756;0,15766838714694023;0,07086819400625002;0,01526986398029489;0;0,0;3909,44;0,2820256817198096;185,36
2020;5006002;Nova Alvorada do Sul;MS;22430;1782899782,0;79487,28408381631;79487,28;119376503,79;59087283,65;16852239,85;0,1560640856880382;0,02504341467873128;11,283352339218036;0,06695637354113491;0,03314111328440333;0,009452152061567754;0;0,0;4025,012;0,17944770396790014;116,96
2020;5006200;Nova Andradina;MS;55224;2494320330,0;45167,32453281182;45167,32;214120292,34;99363742,57;20230975,07;0,1548301288773808;0,01563247140177282;10,718129195829817;0,08584314122156074;0,03983599915973904;0,008110816732989544;0;0,0;4770,685;0,08638789294509634;297,93
2020;5006259;Novo Horizonte do Sul;MS;3684;247156178,0;67089,08197611292;67089,08;31189004,15;14086986,63;3260320,15;0,38513690594187633;-0,0340849501835343;11,11377659699503;0,12619148103997627;0,05699629579965426;0,013191335844334023;1;0,05699629579965426;849,19;0,23050760043431054;322,4
2020;5006309;Paranaíba;MS;42276;1401591595,0;33153,36349228877;33153,36;182711229,97;101548434,89;7940955,31;0,02051873713890484;0,0030369175287083827;10,408899453281146;0,13035982137863777;0,07245222877495923;0,005665669898655463;0;0,0;5405,48;0,12786167092440154;406,07
2020;5006358;Paranhos;MS;14404;233592008,0;16217,162454873645;16217,16;84189558,34;35423244,54;3171855,71;0,30133696056282067;0,012369974697779007;9,693825371235558;0,3604128371549424;0,1516457897823285;0,013578613999499504;0;0,0;1307,092;0,09074507081366288;463,01
2020;5006275;Paraíso das Águas;MS;5654;903104121,0;159728,35532366467;159728,36;58531904,63;21218891,91;16045643,68;0,22222882663973653;0,017821782178217838;11,98122987212838;0,06481191179283745;0,023495510004432812;0,017767213444040968;1;0,023495510004432812;5061,433;0,8951950831269897;277,43
2020;5006408;Pedro Gomes;MS;7621;263208628,00000003;34537,28224642436;34537,28;40090893,1;19782614,18;3137839,47;0,17915683892714274;-0,006906437320823522;10,449794664367044;0,15231602932104488;0,07515944416533335;0,011921491684535507;1;0,07515944416533335;3553,782;0,4663143944364257;304,47
2020;5006606;Ponta Porã;MS;93937;4288574391,0;45653,729531494515;45653,73;331131372,23;182176236,75;63242300,02;0,3319767229146089;0,01524976763288155;10,728840581075787;0,07721245850950194;0,04247943958540511;0,014746695347694157;0;0,0;5359,354;0,057052641664094024;314,71
2020;5006903;Porto Murtinho;MS;17298;405854316,0;23462,499479708636;23462,5;100198589,41;47749486,06;6232005,81;0,14377170763531066;0,00974840931644394;10,06315865871932;0,24688314367956604;0,11765178828355739;0,0153552779022313;0;0,0;17505,2;1,01197826338305;440,52
2020;5007109;Ribas do Rio Pardo;MS;24966;1591001677,0;63726,73544019867;63726,74;124161160,86;67405937,57;1433644,74;0,41686104544455893;0,014259597806215663;11,062359462144563;0,07803961658552042;0,04236698084259781;0,0009010956812460984;0;0,0;17315,283;0,6935545541937034;97,31
2020;5007208;Rio Brilhante;MS;38186;3121463865,0;81743,67215733515;81743,67;190317912,1;99049116,38;14554298,78;0,33704718597414085;0,017913312363384337;11,311343680960354;0,060970724099668534;0,03173162357911838;0,004662651694672108;0;0,0;3983,562;0,1043199601948358;161,57
2020;5007307;Rio Negro;MS;4793;110440299,0;23041,998539536824;23042,0;30982884,92;14107526,97;2014843,01;0,0458304701465877;-0,007865866280273193;10,04507385321534;0,280539668948198;0,12773894219536658;0,01824373012608378;1;0,12773894219536658;1828,8;0,3815564364698519;153,94
2020;5007406;Rio Verde de Mato Grosso;MS;19973;549512207,0;27512,752565964052;27512,75;96412888,75;50976253,6;4560250,79;0,13988746932386187;0,011495999189709227;10,222404905836708;0,17545176889946687;0,09276637161219606;0,00829872518191393;0;0,0;8173,868;0,40924588194061984;201,56
2020;5007505;Rochedo;MS;5079;228387425,0;44967,00630045284;44967,01;33724241,85;16191901,11;4659894,85;0,27510693426701915;-0,07637752318603386;10,713684306511508;0,14766242865604357;0,07089664025941883;0,020403465076941078;1;0,07089664025941883;1309,574;0,2578409135656625;85,28
2020;5007554;Santa Rita do Pardo;MS;7900;328379596,0;41567,03746835443;41567,04;53657574,86;23065994,14;13194595,14;0,28441900321491986;0,006241243153738418;10,635062763610296;0,1634010624094927;0,07024186161676135;0,04018092262955339;1;0,07024186161676135;6142,001;0,7774684810126583;240,1
2020;5007802;Selvíria;MS;6542;2656109961,0;406008,8598287985;406008,86;86493064,12;39021560,93;6885169,88;0,15080978963306269;0,0019911165568999856;12,914130260584187;0,0325638115100612;0,014691244527884213;0,002592200617103894;1;0,014691244527884213;3254,917;0,4975415774992357;398,44
2020;5007703;Sete Quedas;MS;10771;318954661,0;29612,353634760002;29612,35;47792730,84;22405128,06;3828143,86;0,19260612135229915;-0,001853396348809211;10,295946905770487;0,1498417696426139;0,07024549504858936;0,012002156820652324;0;0,0;839,117;0,07790520843004363;469,41
2020;5007901;Sidrolândia;MS;59245;2710628510,0;45752,865389484345;45752,87;224060935,36;119475958,48;16463289,45;0,36071095780298834;0,02739963582762517;10,731009700206538;0,08266014119360089;0,044076847136828794;0,0060736059512633105;0;0,0;5265,695;0,08887998987256308;71,08
2020;5007935;Sonora;MS;19721;882706365,0;44759,71629227727;44759,72;86392899,68;41097293,49;9486375,32;0,15471170289779068;0,02319186468818102;10,7090638239848;0,09787275033413859;0,04655828384108231;0,01074692071581471;0;0,0;4185,528;0,2122371076517418;359,54
2020;5007695;São Gabriel do Oeste;MS;27221;1842228405,0;67676,73505749238;67676,74;182388110,11;81906422,51;26675578,4;0,17024392581621162;0,016809233872473905;11,122497752240182;0,09900407007892163;0,04446051438990813;0,014480060305008704;0;0,0;3849,875;0,1414303295249991;136,75
2020;5007950;Tacuru;MS;11674;259254840,0;22207,884187082407;22207,88;50877715,31;24088319,81;3044670,91;0,3102639007711727;0,010560941828254844;10,008202648374093;0,19624596134830116;0,09291367447566262;0,011743930836546774;0;0,0;1784,207;0,15283596025355492;421,18
2020;5007976;Taquarussu;MS;3588;165460646,0;46115,00724637681;46115,01;38274938,19;16378771,2;2585460,4;0,5068277078469736;0,0;10,738893712806895;0,2313235147770425;0,09898892332379748;0,01562583286420869;1;0,09898892332379748;1052,232;0,29326421404682274;330,1
2020;5008008;Terenos;MS;22269;653287397,0;29336,18020566707;29336,18;81354274,36;43566012,55;3669929,29;0,1486270372683811;0,021232688250940157;10,28657685254887;0,12453060434594608;0,06668736110640137;0,005617633689020944;0;0,0;2845,723;0,127788540123041;32,59
2020;5008305;Três Lagoas;MS;123281;11624342131,0;94291,43283230993;94291,43;730593304,65;327680219,66;76597026,86;0,12258370464891466;0,015594622203183084;11,454145614359854;0,0628502926373477;0,02818914102554988;0,006589364455793993;0;0,0;10217,071;0,08287628263884946;324,44
2020;5008404;Vicentina;MS;6109;285919932,0;46803,066295629396;46803,07;34870066,25;15962725,54;10599678,64;0,07196008018512257;0,0011471648639789223;10,753703998896833;0,12195745153576772;0,05582935554139681;0,037072192084880606;1;0,05582935554139681;312,429;0,0511424128335243;247,47
2020;5000203;Água Clara;MS;15776;1083939325,0;68708,12151369169;68708,12;163291494,36;59647777,52;5526978,22;-0,03917809384682458;0,016363870635227373;11,137622688307657;0,1506463420911498;0,05502870515376864;0,0050989738009551405;0;0,0;7781,558;0,493252915821501;190,8
2021;5000252;Alcinópolis;MS;5489;237904410,0;43342,03133539807;43342,03;61940152,56;22025190,33;8698805,94;-0,011734605288323152;0,013291489754476693;10,67687814375199;0,2603573114092337;0,09258000021941586;0,036564290422359126;1;0,09258000021941586;4397,518;0,80115102933139;310,71
2021;5000609;Amambai;MS;40247;2033694680,0;50530,342137302156;50530,34;195065862,37;100611142,64;22512522,85;0,5947955973868329;0,010570983779440546;10,830329269236753;0,0959169851248271;0,04947209806341235;0,011069765324852009;0;0,0;4193,742;0,10420011429423312;354,22
2021;5000708;Anastácio;MS;25336;609913447,0;24072,996802968108;24073,0;93597663,01;42914412,32;6630088,45;0,04735954648020124;0,0039228117446605815;10,088846026681859;0,15346056636459107;0,07036147920837692;0,010870539881702264;0;0,0;2913,177;0,11498172560783076;139,69
2021;5000807;Anaurilândia;MS;9116;410374498,0;45016,94800351031;45016,95;54418414,87;25305003,71;497304,73;0,27399147513867517;0,004407227853679974;10,71479432014831;0,13260671687742157;0,061663197477734105;0,0012118314671688004;0;0,0;3415,657;0,3746881307591049;368,54
2021;5000856;Angélica;MS;11081;883913460,0;79768,38371988088;79768,38;60875577,54;31612239,9;11004774,55;-0,07180671551171902;0,013629710940358475;11,28688251094587;0,06887051764094643;0,035763953520970254;0,012450058798742584;0;0,0;1283,627;0,11584035736846855;272,51
2021;5000906;Antônio João;MS;9082;866590014,0;95418,41158335168;95418,41;53734580,72;25225713,85;4752067,33;0,6237798604021907;0,006873614190687327;11,466026832351702;0,062006923518507104;0,029109167475359347;0,005483639614153228;0;0,0;1142,895;0,12584177493944065;318,63
2021;5001003;Aparecida do Taboado;MS;26386;1660199249,0;62919,701697870085;62919,7;147036694,49;62882517,26;8886850,14;0,34281026378985735;0,012160036825348053;11,049614616186247;0,08856569148466108;0,0378764881973513;0,005352881676914914;0;0,0;2751,485;0,10427821572045783;452,53
2021;5001102;Aquidauana;MS;48184;1116844160,0;23178,734849742654;23178,73;213115601,49;97434245,85;17150517,4;0,07912314083145144;0,00322721688979577;10,050990536014357;0,19081946176805903;0,08724068168113983;0,015356231436980427;0;0,0;17087,021;0,3546202266312469;142,47
2021;5001243;Aral Moreira;MS;12511;1255600930,0;100359,75781312445;100359,76;76244593,54;35166624,06;6164310,87;0,3132334608312015;0,014515082711644478;11,516516587296143;0,06072358797950238;0,028007803450734944;0,0049094507042137985;0;0,0;1653,86;0,13219247062584924;371,36
2021;5001508;Bandeirantes;MS;7281;780113614,0;107143,7459140228;107143,75;61898587,83;27215592,0;2667413,29;0,36048249425646084;0,002064409578860449;11,581926631620322;0,0793456064849549;0,034886703053999005;0,0034192625819243812;1;0,034886703053999005;3357,926;0,461190221123472;69,13
2021;5001904;Bataguassu;MS;23620;1055097237,9999999;44669,65444538526;44669,65;112709403,55;50133968,04;4546521,81;0,14830627330708124;0,012647374062165095;10,70704967859619;0,10682371206245164;0,047515969366986446;0,0043091021815375085;0;0,0;2392,476;0,10129026248941575;336,79
2021;5002001;Batayporã;MS;11368;603790351,0;53113,15543631246;53113,16;59014287,05;26999579,11;2157705,74;0,17409296417533882;0,0016741563133315651;10,880179924875282;0,09773969880813813;0,04471681116679521;0,0035736008971100634;0;0,0;1826,578;0,1606771639690359;308,63
2021;5002100;Bela Vista;MS;24842;931638335,0;37502,549512921665;37502,55;117354600,09;53696077,84;2959449,4;0,3554428966391978;0,004325854052961375;10,532164196658734;0,12596583425262337;0,05763618329423939;0,0031766075834567284;0;0,0;4899,44;0,19722405603413573;324,65
2021;5002159;Bodoquena;MS;7802;332560558,0;42625,039477057166;42625,04;63251360,65;30633833,65;3216004,07;0,25375231763395245;-0,004593008420515465;10,660197140733358;0,19019501600066474;0,09211505367392364;0,009670431422598226;0;0,0;2591,933;0,33221391950781853;266,52
2021;5002209;Bonito;MS;22401;1130066674,0;50447,15298424177;50447,15;141411781,91;63797511,27;4510438,78;0,17592583787158178;0,009508787742226188;10,828681591766031;0,12513578637750358;0,05645464355141226;0,003991303242343027;0;0,0;5373,016;0,23985607785366722;297,29
2021;5002308;Brasilândia;MS;11835;833888844,0;70459,55589353612;70459,56;86377683,74;32487073,78;8583926,55;0,14296078433186632;-0,0015186028853454436;11,162794148916753;0,103584169954431;0,03895851828903949;0,010293849847930093;0;0,0;5803,542;0,490371102661597;381,44
2021;5002407;Caarapó;MS;31005;1967107904,0;63444,86063538139;63444,86;165395916,18;82558762,25;15017397,34;0,03071298196532357;0,013467133004281928;11,057926471207614;0,08408075420960741;0,041969615434985307;0,007634251943913698;0;0,0;2115,73;0,068238348653443;273,99
2021;5002605;Camapuã;MS;13675;607829764,0;44448,24599634369;44448,25;86807216,27;38467637,48;9018936,57;0,12522030597755207;-0,0013145402760534886;10,70208078001373;0,14281501402422273;0,0632868604966834;0,014837931776568941;0;0,0;6238,127;0,45617016453382087;140,13
2021;5002704;Campo Grande;MS;916001;35187898694,0;38414,694628062636;38414,69;4664196623,58;2822486975,92;212446228,06;0,16751254186465125;0,010935975596296998;10,556195337981128;0,13255115527473388;0,08021186489323591;0,006037479813940264;0;0,0;8082,978;0,008824202156984545;0,0
2021;5002803;Caracol;MS;6247;174648938,0;27957,2495597887;27957,25;42761962,33;15142409,48;8030517,17;0,19764532103426058;0,010514396635393108;10,238431820972163;0,24484524681163533;0,0867019842972077;0,04598091040210047;1;0,0867019842972077;2943,206;0,4711391067712502;384,83
2021;5002902;Cassilândia;MS;22063;712341401,0;32286,69723065766;32286,7;119839460,94;50281647,18;11280687,26;-0,027664072523357675;0,002772475229524618;10,382410573933026;0,16823318253265473;0,07058644508014493;0,015836068553875895;0;0,0;3658,252;0,1658093640937316;417,75
2021;5002951;Chapadão do Sul;MS;26499;2655074589,0;100195,27487829729;100195,27;215062701,69;100406373,66;19567179,14;0,2561927576671288;0,02451188865261944;11,51487630961776;0,08100062521068405;0,03781678076992058;0,007369728602377883;0;0,0;3252,327;0,12273395222461225;330,08
2021;5003108;Corguinho;MS;6158;144629980,0;23486,518350113674;23486,52;39050004,11;14503286,21;4837179,68;0,14973337637182715;0,01717872481004301;10,064181848281562;0,2699993743344222;0,10027856057229628;0,03344520741826833;1;0,10027856057229628;2639,657;0,4286549204287106;100,1
2021;5003157;Coronel Sapucaia;MS;15449;336177673,0;21760,48113146482;21760,48;64955054,5;31154537,09;5555228,26;0,26429838650332527;0,006318394997394394;9,987850811546432;0,19321644391297813;0,09267283223178238;0,016524679376907936;0;0,0;1023,727;0,06626493624182794;397,23
2021;5003207;Corumbá;MS;112669;3847164808,0;34145,726047093696;34145,73;693435179,51;376056519,71;48912547,84;0,3332538775325198;0,005452533509432644;10,438392704812223;0,1802457690577835;0,09774900179165914;0,012713920583357552;0;0,0;64432,45;0,5718738073471851;427,29
2021;5003256;Costa Rica;MS;21456;2556158567,0;119134,90711222967;119134,91;195628611,65;67319502,51;15342844,71;0,300033265716352;0,01485195345757262;11,688011803183464;0,07653226766741501;0,026336199709632493;0,0060023055330276;0;0,0;4159,384;0,19385645041014168;338,89
2021;5003306;Coxim;MS;33547;1225785160,0;36539,33764569112;36539,34;175458320,91;85545443,53;4337294,73;0,21622590653901375;0,002630084581129122;10,506144702939329;0,14313953752711445;0,06978828453919282;0,003538380844812969;0;0,0;6391,486;0,1905233254836498;252,78
2021;5003454;Deodápolis;MS;13043;461295440,0;35367,28053361957;35367,28;60033852,06;26441845,12;6462311,35;0,15764191386545567;0,004544054220579241;10,473542393001603;0,1301418718988421;0,05732084652733615;0,014009051010779556;0;0,0;828,533;0,06352319251705896;248,54
2021;5003488;Dois Irmãos do Buriti;MS;11547;310922579,0;26926,69775699316;26926,7;66891832,8;29968647,5;2737004,03;0,16290011013274341;0,006976541379611012;10,200873555078232;0,21513983646713544;0,09638620519740382;0,008802847444540204;0;0,0;2431,609;0,21058361479172077;89,83
2021;5003504;Douradina;MS;6025;214591531,0;35616,851618257264;35616,85;36029714,64;19309482,3;3158861,08;0,18269687520090727;0,008368200836819994;10,480574164903995;0,16789905208328096;0,08998249935595082;0,014720343646739721;1;0,08998249935595082;280,457;0,04654887966804979;198,0
2021;5003702;Dourados;MS;227990;12300148810,0;53950,38734155007;53950,39;1104267045,3;572275926,33;39434906,55;0,13298363639234245;0,011064546885740212;10,89582015029999;0,08977672240861287;0,04652593518744592;0,003206051175408503;0;0,0;4062,236;0,017817606035352426;224,52
2021;5003751;Eldorado;MS;12447;524690873,0;42154,00281192255;42154,0;67573691,16;34055295,28;7510045,57;0,18202595654304088;0,0037903225806452667;10,649084924802938;0,1287876245562213;0,0649054462969475;0,014313276552839906;0;0,0;1012,796;0,0813686832168394;441,3
2021;5003900;Figueirão;MS;3066;142133312,0;46357,896934116114;46357,9;42046808,78;13726021,08;4473555,41;0,12243220692716816;0,0022883295194509046;10,74414693262222;0,29582656020848935;0,09657145736532192;0,0314743626743884;1;0,09657145736532192;4879,932;1,591628180039139;258,06
2021;5003801;Fátima do Sul;MS;19152;699103137,0;36502,8789160401;36502,88;82994066,03;41226529,96;4878362,02;0,17269437368992757;-0,0009389671361502705;10,505146410872218;0,11871505309809531;0,05897059786759332;0,006978029080135568;0;0,0;315,333;0,016464755639097745;239,12
2021;5004007;Glória de Dourados;MS;9934;280100740,0;28196,16871350916;28196,17;46196441,8;17029611,66;4506438,47;0,09655050824159672;-0,0016080402010050232;10,246941386473154;0,16492795342132976;0,06079816733079677;0,01608863464623478;0;0,0;493,434;0,04967123011878398;276,09
2021;5004106;Guia Lopes da Laguna;MS;9754;350227616,0;35906,05044084478;35906,05;44294393,35;12201034,52;443357,64;0,09533186634445845;-0,007125407166123754;10,48866109623246;0,12647316010054444;0,034837442744663515;0,0012659128513726342;0;0,0;1225,426;0,12563317613286856;231,37
2021;5004304;Iguatemi;MS;16273;788190550,0;48435,479014318196;48435,48;79706126,89;32481692,5;11858670,95;0,3673591690647797;0,005996538081107783;10,787987861649883;0,1011254535974835;0,041210456659243125;0,015045436601593357;0;0,0;2957,41;0,1817372334541879;409,7
2021;5004403;Inocência;MS;7566;406133073,0;53678,703806502774;53678,7;69840902,55;35198741,4;4145499,14;0,3697702146147208;-0,002899314707432765;10,89077162467934;0,1719655629966388;0,08666800056443569;0,01020724342732856;1;0,08666800056443569;5761,19;0,761457837694951;329,83
2021;5004502;Itaporã;MS;25478;1124125325,0;44121,41161001648;44121,41;99608120,47;46945400,32;1251063,04;0,06134456915619424;0,012558620141483123;10,694700467642935;0,08860944438735067;0,041761713997502906;0,0011129213195156867;0;0,0;1342,764;0,05270288091686945;234,51
2021;5004601;Itaquiraí;MS;21604;1258878268,0;58270,610442510646;58270,61;105877994,44;44209492,11;7380521,08;0,34620200333800555;0,010666167664670656;10,972853136185055;0,08410502995512827;0,03511816291835455;0,005862775827980216;0;0,0;2063,717;0,09552476393260508;406,51
2021;5004700;Ivinhema;MS;23277;1461628382,0;62792,8161704687;62792,82;136149260,07;60881321,06;7144799,14;0,0011388671860383948;0,001936983471074294;11,047595953723016;0,09314902594030224;0,04165307803936719;0,004888246032978306;0;0,0;2003,43;0,08606908106714783;289,24
2021;5004809;Japorã;MS;9372;165050279,0;17610,99861288946;17611,0;50438201,86;20063016,52;6125804,47;0,19112362033766273;0,013956507627393755;9,77627890703121;0,3055929512242751;0,12155699851922092;0,03711477803681871;0;0,0;416,605;0,04445209133589415;467,39
2021;5004908;Jaraguari;MS;7342;370993645,0;50530,32484336693;50530,32;47368337,75;16685937,85;3282328,11;0,4212028145017299;0,010598761183757688;10,830328926988166;0,12767964731579162;0,0449763441365687;0,008847397129942751;1;0,0449763441365687;2912,836;0,3967360392263688;47,34
2021;5005004;Jardim;MS;26375;930097641,0;35264,365535545025;35264,37;114793794,41;67763587,18;1965460,1;0,29988568873252475;0,005221434560561011;10,470628258144691;0,12342122950293559;0,0728564230172045;0,002113176093949474;0;0,0;2126,133;0,08061167772511847;236,0
2021;5005103;Jateí;MS;4015;474839715,0;118266,4296388543;118266,43;59928255,61;24137507,78;3450795,46;0,181612414128405;-0,0014921661278288756;11,680695236566391;0,1262073363218997;0,050832959033344546;0,007267284835262779;1;0,050832959033344546;1933,316;0,48152328767123287;265,72
2021;5005152;Juti;MS;6861;483742575,0;70506,13248797551;70506,13;46046178,43;15999493,56;6908339,35;0,16803220278596198;0,01090319728893463;11,163454970662372;0,09518735957859405;0,03307439614964633;0,014281024054994538;1;0,03307439614964633;1569,176;0,22870951756303745;311,48
2021;5005202;Ladário;MS;24040;371027873,0;15433,771755407653;15433,77;86008682,34;43450896,32;4230484,65;0,13441184007556428;0,014817003672590756;9,644313358480549;0,2318119165672494;0,11710952055615509;0,011402066954684023;0;0,0;354,255;0,014736064891846921;426,22
2021;5005251;Laguna Carapã;MS;7496;1097291727,0;146383,6348719317;146383,63;60269620,94;24499074,12;4670331,13;0,5118004922813875;0,010378757244911663;11,89398609059942;0,05492579544436864;0,02232685576421921;0,00425623470503027;1;0,02232685576421921;1725,78;0,23022678762006404;280,39
2021;5005400;Maracaju;MS;48944;4517627497,0;92301,96749346191;92301,97;294671140,87;117062097,65;40259125,19;0,2273730894244106;0,019199533547124226;11,432820736552616;0,06522696726670822;0,025912295276168052;0,008911563695044509;0;0,0;5396,905;0,11026693772474665;160,16
2021;5005608;Miranda;MS;28423;631601903,0;22221,507335608487;22221,51;114664537,31;55752947,17;6504107,63;0,12580199403209447;0,007193479801559155;10,008815897778874;0,18154558554267053;0,08827229130435346;0,010297796126177917;0;0,0;5471,436;0,19250029905358335;209,22
2021;5005681;Mundo Novo;MS;18578;942239257,0;50718,013618258155;50718,01;88116214,42;49448305,75;5879373,28;0,47088001054568607;0,0056839712012126675;10,834036424666316;0,09351787644738305;0,052479564380960624;0,0062397880753974995;0;0,0;478,38;0,02574981160512434;463,53
2021;5005707;Naviraí;MS;56484;2901634701,0;51370,913904822606;51370,91;283453759,17;132604137,07;14634442,95;0,14177546121204743;0,014275709745191989;10,846827413936166;0,09768761004695471;0,04569980398438859;0,005043516658026072;0;0,0;3189,667;0,056470274768075916;364,75
2021;5005806;Nioaque;MS;13794;447264968,0;32424,602580832245;32424,6;73488269,44;30897759,71;6063627,32;0,11747790053094542;-0,004905497042273832;10,386672752543063;0,16430589180416205;0,06908155549978151;0,01355712553816645;0;0,0;3909,44;0,28341597796143253;185,36
2021;5006002;Nova Alvorada do Sul;MS;22967;2282707353,0;99390,74990203335;99390,75;138242079,81;61687286,0;16762711,37;0,28033408049404307;0,023941150245207377;11,506814328978697;0,06056057936130896;0,027023738246135135;0,007343346639668883;0;0,0;4025,012;0,17525197021813907;116,96
2021;5006200;Nova Andradina;MS;56057;3281854930,0;58544,96191376635;58544,96;241394255,74;99310042,98;23558143,7;0,31573113947237075;0,015084021439953688;10,977550317736304;0,07355421275126259;0,03026033907598713;0,007178301357762941;0;0,0;4770,685;0,08510417967426014;297,93
2021;5006259;Novo Horizonte do Sul;MS;3556;279116891,0;78491,81411698538;78491,81;37604862,05;14459770,73;3623722,59;0,12931383410533237;-0,034744842562432154;11,270749619568575;0,13472800558673462;0,05180543061437296;0,012982813677155782;1;0,05180543061437296;849,19;0,2388048368953881;322,4
2021;5006309;Paranaíba;MS;42401;1587294798,0;37435,315157661375;37435,32;208752379,34;97309211,62;19702477,8;0,1324945181338648;0,002956760336834119;10,530369793426232;0,13151456150617336;0,06130506553830463;0,012412614105977812;0;0,0;5405,48;0,12748472913374684;406,07
2021;5006358;Paranhos;MS;14576;286014382,0;19622,28197036224;19622,28;79243553,88;38013878,53;952290,03;0,22441852548311503;0,011941127464593082;9,88442103473334;0,2770614307080544;0,13290897564025295;0,0033295179890639208;0;0,0;1307,092;0,08967425905598245;463,01
2021;5006275;Paraíso das Águas;MS;5751;1296593635,0;225455,33559380978;225455,34;74824867,22;22402448,85;10281380,15;0,4357078047260954;0,017155995755217646;12,325877349986616;0,0577088034370923;0,017277925978712676;0,007929531560595698;1;0,017277925978712676;5061,433;0,8800961571900539;277,43
2021;5006408;Pedro Gomes;MS;7568;268952844,0;35538,166490486255;35538,17;48214193,96;17384542,95;4224973,19;0,0218238134655675;-0,00695446791759613;10,47836251035212;0,17926634737500674;0,06463788481076631;0,015708973837807793;1;0,06463788481076631;3553,782;0,4695800739957717;304,47
2021;5006606;Ponta Porã;MS;95320;4771499682,0;50057,69704154427;50057,7;383574732,3;196053930,08;119499219,32;0,11260741844969901;0,01472263325420231;10,820931559963194;0,08038871588884243;0,04108853466334571;0,02504437331742863;0;0,0;5359,354;0,056224863617289136;314,71
2021;5006903;Porto Murtinho;MS;17460;464125297,0;26582,20486827033;26582,2;108341521,45;46281838,54;10216159,13;0,14357610281025068;0,009365244536940764;10,187997280981536;0,23343162320669628;0,09971841405576305;0,022011640382532307;0;0,0;17505,2;1,0025887743413517;440,52
2021;5007109;Ribas do Rio Pardo;MS;25310;1965364416,0;77651,69561438166;77651,7;164210470,04;72746999,22;2750426,99;0,23530002790814164;0,013778739085155811;11,259988664969217;0,08355217419383662;0,03701450918097827;0,0013994488592592898;0;0,0;17315,283;0,6841281311734492;97,31
2021;5007208;Rio Brilhante;MS;38844;3298706772,0;84921,9125733704;84921,91;221037914,2;107965172,62;6180961,49;0,056781982641980644;0,017231446079715163;11,349487437623988;0,06700744548627616;0,032729545267990254;0,0018737529332601135;0;0,0;3983,562;0,10255282669138091;161,57
2021;5007307;Rio Negro;MS;4758;130213078,0;27367,187473728456;27367,19;35942745,5;13715650,97;3483436,24;0,17903590608714315;-0,007302315877321108;10,217100037300042;0,27603022716351117;0,10533236123947551;0,026751815512724462;1;0,10533236123947551;1828,8;0,38436317780580076;153,94
2021;5007406;Rio Verde de Mato Grosso;MS;20025;601958447,0;30060,346916354556;30060,35;117922329,67;57263392,49;5453932,89;0,0954414466719935;0,0026035147449057217;10,310962204037262;0,19589779038352792;0,09512848067069321;0,009060314573507429;0;0,0;8173,868;0,4081831710362048;201,56
2021;5007505;Rochedo;MS;5120;231963666,0;45305,403515625;45305,4;42550641,4;17298865,09;6429996,02;0,015658659840838363;0,008072455207718043;10,721181587263114;0,18343666546466808;0,07457575312678495;0,027719841347911788;1;0,07457575312678495;1309,574;0,255776171875;85,28
2021;5007554;Santa Rita do Pardo;MS;7948;467080260,0;58767,018117765474;58767,02;60886181,38;22781782,97;8120689,84;0,422379056706069;0,006075949367088551;10,98133606014975;0,13035485888442386;0,048774878582965586;0,017386069451960997;1;0,048774878582965586;6142,001;0,7727731504781077;240,1
2021;5007802;Selvíria;MS;6555;1721432233,0;262613,61296720064;262613,61;104127970,8;36248372,64;2489416,74;-0,3518972262910768;0,001987159889941914;12,47843907868164;0,06048914897947075;0,02105710114236022;0,0014461311298102086;1;0,02105710114236022;3254,917;0,49655484363081615;398,44
2021;5007703;Sete Quedas;MS;10751;418189362,0;38897,7176076644;38897,72;51382375,9;22998885,17;4059695,36;0,31112478710571345;-0,001856837805217726;10,568690854560367;0,12286868239369513;0,054996341992075835;0,009707792040869754;0;0,0;839,117;0,07805013487117476;469,41
2021;5007901;Sidrolândia;MS;60792;3327696301,0;54739,04956244243;54739,05;257232563,07;129638217,56;13866246,45;0,2276474953035892;0,02611190817790532;10,910332619682562;0,07730049253373858;0,038957346414407665;0,004166920654938697;0;0,0;5265,695;0,0866182227924727;71,08
2021;5007935;Sonora;MS;20158;1024260939,0;50811,63503323743;50811,64;104459786,34;42339277,21;8396542,09;0,1603642837672299;0,022159119720095433;10,835880643429164;0,10198552181633083;0,0413364169206105;0,008197659180674857;0;0,0;4185,528;0,20763607500744122;359,54
2021;5007695;São Gabriel do Oeste;MS;27660;2185644211,0;79018,22888647867;79018,23;203351817,16;89763651,67;17667865,97;0,18641326182352502;0,01612725469306775;11,277433850229997;0,09303976197798462;0,04106965407189048;0,008083596534642024;0;0,0;3849,875;0,1391856471438901;136,75
2021;5007950;Tacuru;MS;11795;313035055,0;26539,640101738023;26539,64;58568078,1;28712967,37;6222083,16;0,20744150813153572;0,010364913482953542;10,186394747196589;0,18709750606046344;0,0917244471869133;0,0198766338166184;0;0,0;1784,207;0,15126807969478592;421,18
2021;5007976;Taquarussu;MS;3588;181312947,0;50533,15133779264;50533,15;44555656,07;16347466,49;3369352,55;0,09580707789573117;0,0;10,830384862020944;0,24573896573420098;0,09016160599937742;0,018583077522864377;1;0,09016160599937742;1052,232;0,29326421404682274;330,1
2021;5008008;Terenos;MS;22721;717675216,0;31586,427357950794;31586,43;98831564,46;45050743,23;7227426,86;0,0985597139875638;0,020297274237729646;10,36048279331855;0,1377107112752797;0,06277316288152271;0,010070609516491929;0;0,0;2845,723;0,12524638000088023;32,59
2021;5008305;Três Lagoas;MS;125137;11704743416,0;93535,43249398659;93535,43;910101243,57;375603810,86;60984148,94;0,00691663098813855;0,015055036866994831;11,446095600645588;0,07775490766640143;0,03208987993248634;0,005210208098764187;0;0,0;10217,071;0,0816470827972542;324,44
2021;5008404;Vicentina;MS;6115;371815759,0;60803,885363859365;60803,89;39520212,45;17919459,73;9420876,79;0,3004191642015359;0,0009821574725814575;11,015408969923328;0,10628977253758629;0,048194460014805346;0,0253374865426293;1;0,048194460014805346;312,429;0,05109223221586263;247,47
2021;5000203;Água Clara;MS;16025;1211925182,0;75627,15644305773;75627,16;113131076,55;57499636,99;6695042,94;0,1180747427906077;0,0157834685598377;11,233570709876123;0,09334823488303422;0,0474448735318052;0,005524303842710317;0;0,0;7781,558;0,48558864274570984;190,8
2022;5000252;Alcinópolis;MS;4537;291925709,0;64343,33458232312;64343,33;73897008,26;28034618,38;13978408,74;0,22707144857045725;-0,17343778466022952;11,071988626965142;0,25313634935798;0,09603339999081752;0,04788344537342547;1;0,09603339999081752;4397,518;0,9692567776063478;310,71
2022;5000609;Amambai;MS;39325;2107400859,0000002;53589,3416147489;53589,34;242638770,11;120661061,29;52335579,04;0,036242499783694315;-0,022908539766939184;10,889105476814414;0,11513650527082754;0,05725586604688766;0,024834183215069094;0;0,0;4193,742;0,10664315321042594;354,22
2022;5000708;Anastácio;MS;24114;964114854,0;39981,53993530729;39993,15;115989885,26;54257356,78;2052164,28;0,5807404456193273;-0,04823176507736027;10,59617312495411;0,12030712396844785;0,05627686012189581;0,002128547518468168;0;0,0;2913,177;0,12080853446130879;139,69
2022;5000807;Anaurilândia;MS;7653;438852733,0;57343,88252972691;57343,88;68962620,83;30491880,66;12192967,09;0,06939572302565455;-0,1604870557261957;10,956821447813512;0,1571429676615458;0,06948089499536055;0,02778373284051076;0;0,0;3415,657;0,44631608519534827;368,54
2022;5000856;Angélica;MS;10729;1013830394,0;94494,39780035419;94494,4;78167592,17;38358461,32;6997871,91;0,146979246135702;-0,031766086093312884;11,45629582918862;0,07710125148408206;0,037835185793413884;0,006902408875699972;0;0,0;1283,627;0,11964087985832789;272,51
2022;5000906;Antônio João;MS;9303;917074913,0;98578,40621304956;98578,41;64646890,11;32607426,09;8469266,24;0,05825695909761541;0,024333847170226797;11,498607512681419;0,07049248561224136;0,03555590238896874;0,00923508659973561;0;0,0;1142,895;0,12285230570783617;318,63
2022;5001003;Aparecida do Taboado;MS;27674;2245279187,0;81133,16423357664;81133,16;171631708,19;79968338,45;13165408,07;0,3524154937140318;0,04881376487531264;11,303847086644781;0,07644114334811228;0,03561621152193934;0,00586359511379553;0;0,0;2751,485;0,09942491146924912;452,53
2022;5001102;Aquidauana;MS;46803;1341941172,0;28672,11871033908;28672,12;260151705,89;131163984,95;23174211,56;0,2015473779260304;-0,028660966295865897;10,26368045605414;0,19386222832873928;0,09774197832719898;0,01726917099164761;0;0,0;17087,021;0,3650838835117407;142,47
2022;5001243;Aral Moreira;MS;10748;1184828063,0;110237,0732229252;110237,07;78252943,41;36345733,09;3660379,12;-0,05636573317925142;-0,1409159939253457;11,610388536756128;0,06604582205105991;0,03067595563019679;0,0030893757789057365;0;0,0;1653,86;0,15387606996650538;371,36
2022;5001508;Bandeirantes;MS;7940;1076854730,0;135624,02141057936;135624,02;75221253,12;35175331,98;4404830,86;0,3803819221644811;0,09050954539211653;11,817641787844963;0,06985273967269476;0,03266488134383734;0,004090459685309643;1;0,03266488134383734;3357,926;0,42291259445843826;69,13
2022;5001904;Bataguassu;MS;23031;1403351852,0;60933,17059615301;60933,17;132059633,54;66496237,41;9458801,64;0,33006873817633875;-0,02493649449618962;11,017532978589038;0,09410301012664357;0,04738386692918976;0,006740149753976311;0;0,0;2392,476;0,103880682558291;336,79
2022;5002001;Batayporã;MS;10712;637225074,0;59487,03080657207;59487,03;70169505,08;33483511,59;5709598,04;0,05537472227673934;-0,05770584095707243;10,993513598137444;0,11011730068864176;0,052545816158514815;0,008960096319122559;0;0,0;1826,578;0,17051699029126213;308,63
2022;5002100;Bela Vista;MS;21613;1098990963,0;50848,60792115856;50848,61;141577650,42;67573794,48;4603038,05;0,17963261247724427;-0,12998148297238543;10,836608024920233;0,1288251270360992;0,061487124785392804;0,004188422111711213;0;0,0;4899,44;0,22668949243510847;324,65
2022;5002159;Bodoquena;MS;8567;511355209,0;59688,94700595307;59688,95;80377226,54;38769956,1;7916383,75;0,5376303554313859;0,09805178159446304;10,996902139960904;0,15718472233261244;0,07581805253498454;0,01548118335487612;0;0,0;2591,933;0,3025485000583635;266,52
2022;5002209;Bonito;MS;23659;1312946331,0;55494,582653535654;55494,58;178106768,29;75152583,33;17153541,38;0,16183085583143209;0,05615820722289189;10,92404068512417;0,13565426406603057;0,05723964609639478;0,013064921981186448;0;0,0;5373,016;0,2271024134578807;297,29
2022;5002308;Brasilândia;MS;11579;1056554953,0;91247,5129976682;91247,51;110052104,22;40654089,71;16048640,44;0,26702133096290703;-0,021630756231516668;11,421331016253244;0,10416126857151745;0,038477969929123036;0,0151895936831598;0;0,0;5803,542;0,5012127126694879;381,44
2022;5002407;Caarapó;MS;30612;2000419570,0;65347,562067163206;65347,56;199873884,75;101596330,95;29938636,83;0,01693433590107718;-0,012675374939525863;11,087475412574749;0,09991598150082084;0,0507875110170013;0,014966178735194036;0;0,0;2115,73;0,06911439958186333;273,99
2022;5002605;Camapuã;MS;13583;774336426,0;57007,761613781935;57007,76;115083804,73;50354375,1;11110799,25;0,27393634182086557;-0,006727605118829971;10,950942706209418;0,1486224861259465;0,06502906670698196;0,014348800956446287;0;0,0;6238,127;0,4592598836781271;140,13
2022;5002704;Campo Grande;MS;898100;40478598373,0;45071,37108673867;45079,5;4924896551,88;3101321090,54;352271675,07;0,15035565848955157;-0,01954255508454683;10,71600253649419;0,12166667695601338;0,07661631615704956;0,008702664845850293;0;0,0;8082,978;0,009000086850016702;0,0
2022;5002803;Caracol;MS;5036;218739980,0;43435,262112787925;43435,26;50854389,13;19786217,78;7626025,99;0,25245525397927127;-0,1938530494637426;10,67902688127436;0,23248785672376857;0,09045542465533736;0,03486343004145836;1;0,09045542465533736;2943,206;0,584433280381255;384,83
2022;5002902;Cassilândia;MS;20988;1000068230,0;47649,52496664761;47649,52;144608673,62;65224104,68;17027494,4;0,40391703836963977;-0,048724108235507435;10,771627939812248;0,1445988076433545;0,06521965474295689;0,017026332693320333;0;0,0;3658,252;0,17430207737754908;417,75
2022;5002951;Chapadão do Sul;MS;30993;3540874441,0;114247,55399606362;114247,55;265408622,26;126206605,65;37198663,58;0,3336252230614829;0,16959130533227662;11,646122899302444;0,07495567173656807;0,035642779136319004;0,010505502016472094;0;0,0;3252,327;0,10493746975123416;330,08
2022;5003108;Corguinho;MS;4783;139569867,0;29180,402885218482;29180,4;47993281,82;15757024,88;8855747,88;-0,03498661204267606;-0,22328678142253977;10,28125262887723;0,34386564128487707;0,11289704016125487;0,06345028529689722;1;0,11289704016125487;2639,657;0,5518831277440936;100,1
2022;5003157;Coronel Sapucaia;MS;14289;361038694,0;25266,89719364546;25495,28;80175269,68;37481088,51;12453444,55;0,07395202893203434;-0,07508576606900119;10,137250406679787;0,22206835724926483;0,10381460251459916;0,03449337912240509;0;0,0;1023,727;0,07164441178528938;397,23
2022;5003207;Corumbá;MS;96268;3858946613,0;40085,45532264096;40085,46;776650715,64;427893778,8;93666643,45;0,0030624643310055433;-0,1455679911954486;10,598768837340842;0,20125977203820933;0,11088357049525215;0,024272593752516888;0;0,0;64432,45;0,6693028836165704;427,29
2022;5003256;Costa Rica;MS;26037;3569032380,0;137075,40730498906;137075,41;225700391,93;76348151,56;43949577,18;0,39624842765085;0,21350671140939603;11,828286471670271;0,06323853860076215;0,021391834937625306;0,012314143583085116;0;0,0;4159,384;0,15974897261589277;338,89
2022;5003306;Coxim;MS;32151;1273342003,0;39605,05125812572;39605,05;213510232,9;102211335,18;10970457,44;0,03879704580531884;-0,04161325900974755;10,586711946131244;0,1676770517244926;0,0802701355481792;0,008615483832429582;0;0,0;6391,486;0,1987958694908401;252,78
2022;5003454;Deodápolis;MS;13663;576103418,0;42165,22125448291;42165,22;72788491,68;36300526,78;13112106,97;0,24888166681205437;0,04753507628613041;10,649351019344268;0,12634622431627374;0,06301043466470112;0,022759988155459963;0;0,0;828,533;0,06064063529239552;248,54
2022;5003488;Dois Irmãos do Buriti;MS;11100;375901316,0;33864,98342342342;33864,98;82247933,52;36853100,96;2856838,83;0,20898687129441318;-0,03871135359833722;10,430136822158952;0,21880193023852035;0,09803929752669448;0,0075999702804977675;0;0,0;2431,609;0,21906387387387385;89,83
2022;5003504;Douradina;MS;5578;221683753,0;39742,51577626389;39742,52;40943785,28;18182082,09;3740157,74;0,03304986905564311;-0,07419087136929459;10,590176819996989;0,1846945692948459;0,08201810842673707;0,016871591577574927;1;0,08201810842673707;280,457;0,050279132305485835;198,0
2022;5003702;Dourados;MS;243367;17441797712,0;71668,70492712653;71668,41;1447754715,47;690598900,76;43465774,97;0,41801517863099735;0,06744594061143028;11,179809458880882;0,08300490232574714;0,03959447943171972;0,002492046730945368;0;0,0;4062,236;0,016691811132980232;224,52
2022;5003751;Eldorado;MS;11386;558799590,0;49077,7788512208;49077,78;78069450,61;39867941,5;4410468,26;0,0650072619044777;-0,08524142363621756;10,80116164212068;0,13970921240296544;0,07134568853209072;0,007892755003631981;0;0,0;1012,796;0,08895099244686458;441,3
2022;5003900;Figueirão;MS;3539;161689779,0;45687,98502401808;45687,98;52451767,83;16905983,71;6071456,98;0,13759242449792497;0,15427266797129802;10,729590632556562;0,3243975479117947;0,10455814717886404;0,03755003573849897;1;0,10455814717886404;4879,932;1,378901384571913;258,06
2022;5003801;Fátima do Sul;MS;20609;730287387,0;35435,36256004658;35435,36;94678493,87;52346873,61;22577066,11;0,04460607934591487;0,07607560568086891;10,475465542885157;0,1296455279871895;0,07167982706786089;0,030915317054489945;0;0,0;315,333;0,015300742394099667;239,12
2022;5004007;Glória de Dourados;MS;10444;332846667,0;31869,654059747223;31869,65;55946720,46;21955733,69;5712702,75;0,188310559265213;0,051338836319710035;10,369409552622228;0,1680855661384766;0,06596350772531545;0,017163166455862394;0;0,0;493,434;0,04724569130601303;276,09
2022;5004106;Guia Lopes da Laguna;MS;9940;360935884,0;36311,45714285714;36315,11;57190682,06;28737346,91;4542945,49;0,03057516743625377;0,019069099856469096;10,499888594224407;0,15845108396038562;0,07961897994603385;0,0125865719962607;0;0,0;1225,426;0,12328229376257545;231,37
2022;5004304;Iguatemi;MS;13808;756245664,0;54768,660486674395;54816,3;99008460,86;43025595,88;23775815,51;-0,04052939482717721;-0,15147790819148288;10,91087342041596;0,1309210294658959;0,05689367612691529;0,03143927514802915;0;0,0;2957,41;0,21418090961761296;409,7
2022;5004403;Inocência;MS;8404;474388131,0;56447,89754878629;56447,9;93065628,74;42296808,86;8063199,32;0,16806082177897386;0,11075865715040978;10,941073324398587;0,19618034823894023;0,08916076540709236;0,01699705113406389;1;0,08916076540709236;5761,19;0,6855295097572583;329,83
2022;5004502;Itaporã;MS;24137;1340705789,0;55545,6680200522;55545,67;129776808,06;58502732,93;14411431,82;0,192665763490383;-0,05263364471308585;10,924960808589505;0,09679738024909804;0,04363577259827883;0,01074913820633917;0;0,0;1342,764;0,0556309400505448;234,51
2022;5004601;Itaquiraí;MS;19423;1232965605,0;63479,66869175719;63447,0;133163457,19;51822808,29;23121177,7;-0,020583930677560924;-0,10095352712460659;11,058474955530274;0,10800257253729312;0,04203102509903348;0,018752492045388404;0;0,0;2063,717;0,1062511970344437;406,51
2022;5004700;Ivinhema;MS;27821;1561568932,0;56129,14460299774;56129,14;174587572,47;77644417,45;13466565,54;0,06837616950434944;0,19521415990033075;10,935410468251224;0,11180266774800307;0,049722055721585015;0,008623740690558256;0;0,0;2003,43;0,0720114302145861;289,24
2022;5004809;Japorã;MS;8148;191238094,0;23470,55645557192;23470,56;59839968,02;23609987,65;7212849,58;0,1586656815042402;-0,1306017925736236;10,063501997791617;0,31290820133356906;0,12345860155874591;0,03771659416350385;0;0,0;416,605;0,051129725085910654;467,39
2022;5004908;Jaraguari;MS;7139;777135599,0;108857,76705420927;108857,77;64072540,57;24263442,24;9870914,91;1,09474100021309;-0,027649141923181686;11,597797419690815;0,08244705383776918;0,03122163271277449;0,012701663548422776;1;0,03122163271277449;2912,836;0,40801736937946487;47,34
2022;5005004;Jardim;MS;23981;1067856507,9999999;44529,27350819398;44529,27;127695635,35;73712017,47;2732603,83;0,14811226362415852;-0,09076777251184831;10,703902083522747;0,1195812680761412;0,06902801726428211;0,002558961629702406;0;0,0;2126,133;0,08865906342521161;236,0
2022;5005103;Jateí;MS;3586;389893254,0;108726,50697155605;108726,51;75499047,64;28414963,19;5539256,58;-0,1788950214495011;-0,10684931506849316;11,596590897765793;0,19364030248135558;0,0728788274700439;0,014207110595455442;1;0,0728788274700439;1933,316;0,5391288343558283;265,72
2022;5005152;Juti;MS;6729;388258332,0;57699,261703076234;57699,26;51577337,92;22033995,92;7292748,61;-0,19738647771492923;-0,01923917796239616;10,96299965697371;0,13284283599096078;0,05675086431886284;0,018783237882967055;1;0,05675086431886284;1569,176;0,23319601723881705;311,48
2022;5005202;Ladário;MS;21522;385976003,0;17934,021141157886;17934,02;106074022,3;51662966,4;13310179,97;0,040288428680936406;-0,10474209650582367;9,794454810342451;0,2748202517139388;0,1338502031174202;0,034484475372941775;0;0,0;354,255;0,0164601338165598;426,22
2022;5005251;Laguna Carapã;MS;6799;895137931,0;131657,29239594057;131657,29;70209877,17;31613487,6;3239718,56;-0,18422976408715785;-0,09298292422625398;11,787957555687667;0,07843470233862763;0,03531688972746704;0,0036192395024314972;1;0,03531688972746704;1725,78;0,2538285041917929;280,39
2022;5005400;Maracaju;MS;45047;5775525427,0;128211,10011765489;128211,1;349737505,68;157595227,26;65385525,45;0,2784421537267794;-0,07962160836874799;11,76143340410158;0,06055509755787973;0,027286734211792778;0,011321138877569347;0;0,0;5396,905;0,11980609141563256;160,16
2022;5005608;Miranda;MS;25536;673147281,0;26360,717457706767;26360,72;145112936,09;68433756,74;14949409,64;0,06577779104633263;-0,10157267002075787;10,179630205913226;0,21557382787675555;0,10166238306472487;0,022208229999520716;0;0,0;5471,436;0,21426362781954886;209,22
2022;5005681;Mundo Novo;MS;19193;838514365,0;43688,55129474287;43688,55;102168031,37;56083659,34;12494087,11;-0,11008339042277882;0,033103671008720026;10,684841362657858;0,12184410385145877;0,06688455401715152;0,014900266031816878;0;0,0;478,38;0,024924712134632418;463,53
2022;5005707;Naviraí;MS;50457;2882131786,0;57120,553857740255;57120,55;307921252,32;166900502,16;28640729,17;-0,006721354343218522;-0,10670278308901637;10,952919293355466;0,10683801962690681;0,05790869902990619;0,009937341973438823;0;0,0;3189,667;0,06321554987415026;364,75
2022;5005806;Nioaque;MS;13220;541178652,0;40936,35794251135;40936,36;95409475,99;36997114,18;7038601,93;0,2099732613084957;-0,041612295200812;10,619773894400954;0,1762994080372557;0,06836395715771877;0,013006059836225764;0;0,0;3909,44;0,2957216338880484;185,36
2022;5006002;Nova Alvorada do Sul;MS;21822;2485637184,0;113905,10420676382;113905,1;157748864,75;76850289,14;28639266,4;0,08889875030774474;-0,04985413854661036;11,643120961484437;0,06346415549518912;0,030917741991745164;0,011521901339564124;0;0,0;4025,012;0,1844474383649528;116,96
2022;5006200;Nova Andradina;MS;48563;3205465966,0;66006,3415769207;66006,34;286821969,67;129650935,23;15502448,17;-0,023276154988361997;-0,13368535597695208;11,097506100891541;0,08947902511281881;0,040446829448570726;0,004836254177842673;0;0,0;4770,685;0,09823703230854766;297,93
2022;5006259;Novo Horizonte do Sul;MS;4721;267858048,0;56737,56576996399;56737,57;46012134,2;17753909,94;10337685,6;-0,04033737607087351;0,3276152980877389;10,946191805961476;0,17177805387426703;0,06628103979911032;0,03859389582350723;1;0,06628103979911032;849,19;0,17987502647744122;322,4
2022;5006309;Paranaíba;MS;40957;1606751139,0;39230,19603486583;39230,2;255358819,93;125284859,45;23002689,96;0,012257547258716528;-0,0340558005707412;10,577202036256264;0,15892866899657446;0,07797402871484754;0,014316274251603317;0;0,0;5405,48;0,13197939302194983;406,07
2022;5006358;Paranhos;MS;12921;241040256,0;18654,922684002788;18654,92;34655994,7;15432384,09;1793917,56;-0,15724428151308834;-0,11354281009879252;9,833865341127924;0,14377679179033068;0,06402409434049058;0,007442398169374663;0;0,0;1307,092;0,1011602817119418;463,01
2022;5006275;Paraíso das Águas;MS;5510;1545565962,0;280501,9894736842;280501,99;95666079,76;28897737,7;12942100,59;0,19202032177182482;-0,04190575552077902;12,54433609651754;0,06189711866855929;0,018697188221333254;0,008373696696356205;1;0,018697188221333254;5061,433;0,9185903811252268;277,43
2022;5006408;Pedro Gomes;MS;6941;390020723,0;56190,85477596888;56190,85;59589807,5;21543482,81;10332644,17;0,4501453756703908;-0,08284883720930236;10,936509296234156;0,15278625977009944;0,055236764457769594;0,026492551704746212;1;0,055236764457769594;3553,782;0,5119985592854056;304,47
2022;5006606;Ponta Porã;MS;92017;4682121501,0;50883,22267624461;50883,22;452919807,19;243546426,97;88971743,69;-0,01873167493590544;-0,034651699538396974;10,837288534770858;0,09673388593039846;0,05201625522062675;0,019002442305480018;0;0,0;5359,354;0,05824308551680668;314,71
2022;5006903;Porto Murtinho;MS;12859;452837593,0;35215,614977836536;35215,61;143548984,34;61508897,95;11371172,73;-0,024320380881975523;-0,263516609392898;10,469244870546449;0,31699882377035776;0,13582992865612198;0,02511092918471546;0;0,0;17505,2;1,3613189206003578;440,52
2022;5007109;Ribas do Rio Pardo;MS;23150;2220978387,0;95938,59123110151;95938,59;238085127,71;86452129,37;14675454,6;0,13005932585277868;-0,08534176214934808;11,471463591094812;0,1071983091341987;0,03892524568272623;0,006607653044216679;0;0,0;17315,283;0,7479603887688985;97,31
2022;5007208;Rio Brilhante;MS;37601;3253726767,0;86532,98494720885;86532,98;272589672,74;144872075,77;13760719,73;-0,01363564818243268;-0,03199979404798681;11,368280949102061;0,08377767780154848;0,044524966644195176;0,004229217975388774;0;0,0;3983,562;0,10594298023988724;161,57
2022;5007307;Rio Negro;MS;4841;157675023,0;32570,754596157818;32570,75;44470882,58;17300746,98;8007634,99;0,21090005260454725;0,017444304329550242;10,391170066443953;0,2820413895230572;0,10972408090278192;0,05078569095880202;1;0,10972408090278192;1828,8;0,3777731873579839;153,94
2022;5007406;Rio Verde de Mato Grosso;MS;19818;843881055,0;42581,54480775053;42581,54;134893272,21;75033069,94;11595005,85;0,40189253794124435;-0,010337078651685427;10,659176217915022;0,1598486793971219;0,08891427233189872;0,013740094982935717;0;0,0;8173,868;0,41244666464829954;201,56
2022;5007505;Rochedo;MS;5199;373745648,0;71887,98768994038;71887,99;49212820,38;21031528,83;10775497,32;0,6112249579638909;0,015429687499999956;11,182864460070503;0,13167463124547207;0,05627230428647024;0,028831097773745852;1;0,05627230428647024;1309,574;0,25188959415272166;85,28
2022;5007554;Santa Rita do Pardo;MS;7027;414091003,0;58928,561690621886;58928,56;79709374,78;29125373,53;12369086,38;-0,11344786225819092;-0,11587820835430296;10,984081170451493;0,19249240916253377;0,07033568302376278;0,029870454297216405;1;0,07033568302376278;6142,001;0,8740573502205778;240,1
2022;5007802;Selvíria;MS;8142;2961878192,0;363777,71947924345;363777,72;116279816,3;45712863,95;8540160,31;0,7205894807942754;0,24210526315789482;12,804298299318338;0,03925881105241616;0,015433742033507636;0,002883359732033167;1;0,015433742033507636;3254,917;0,3997687300417588;398,44
2022;5007703;Sete Quedas;MS;10994;408989175,0;37201,12561397126;37201,13;65866247,92;30011690,91;9564598,36;-0,022000050302570795;0,022602548600130223;10,524094298243549;0,16104643336831592;0,07338015953600728;0,02338594501920497;0;0,0;839,117;0,07632499545206475;469,41
2022;5007901;Sidrolândia;MS;47118;3961553918,0;84077,29356084723;84077,29;315339446,41;169712775,3;31437727,48;0,1904794066722737;-0,22493091196210024;11,339491816175093;0,07959993803875826;0,04283995089120986;0,007935706071589053;0;0,0;5265,695;0,1117554862260707;71,08
2022;5007935;Sonora;MS;14516;1492716976,0;102832,5279691375;102832,53;126485056,25;52148169,36;25727317,07;0,4573600526613464;-0,2798888778648675;11,540857001886216;0,08473478782892867;0,03493506820009529;0,017235227764971838;0;0,0;4185,528;0,28833893634610086;359,54
2022;5007695;São Gabriel do Oeste;MS;29579;3210185140,0;108529,19774164102;108529,2;251771530,33;105661862,12;40186787,13;0,4687592444569195;0,06937816341287051;11,594774519370365;0,07842897507462764;0,03291456956903115;0,012518526308423445;0;0,0;3849,875;0,1301556847763616;136,75
2022;5007950;Tacuru;MS;10808;299108802,0;27674,75962250185;27674,76;74032116,99;35011383,32;8836128,39;-0,04448783859047356;-0,08367952522255195;10,228276071811992;0,24750898835133575;0,11705233375245172;0,02954151910915681;0;0,0;1784,207;0,16508206883789786;421,18
2022;5007976;Taquarussu;MS;3625;165126651,0;45552,1795862069;45552,18;52007840,51;20362442,43;3926463,49;-0,08927269821498185;0,010312151616499454;10,726613751954;0,31495727791390865;0,12331408834785852;0,023778496482678622;1;0,12331408834785852;1052,232;0,2902708965517241;330,1
2022;5008008;Terenos;MS;17652;934247592,0;52925,877634262404;52967,89;118416598,06;50817715,0;10482821,83;0,3017693396284149;-0,22309757493068083;10,87664767846855;0,126750766150222;0,05439426917998414;0,011220603531403054;0;0,0;2845,723;0,16121249716745978;32,59
2022;5008305;Três Lagoas;MS;132152;13045270751,0;98714,13789424299;98714,14;1047582861,48;455612012,32;157677503,18;0,11452855371161252;0,05605855981843888;11,499983456239972;0,08030365037840985;0,03492545467368506;0,01208694753751378;0;0,0;10217,071;0,07731302590955869;324,44
2022;5008404;Vicentina;MS;6336;318970736,0;50342,60353535353;50342,6;49285201,66;23182142,25;2244027,01;-0,1421269048469782;0,03614063777596077;10,826606986369674;0,15451323929603372;0,07267795955425829;0,007035212816513675;1;0,07267795955425829;312,429;0,04931013257575757;247,47
2022;5000203;Água Clara;MS;16741;1718477907,0;102650,85162176692;102650,85;151255928,72;72028537,61;23420188,08;0,41797359484192986;0,04468018720748823;11,539088718776688;0,08801738335062576;0,04191414816367494;0,01362844874793028;0;0,0;7781,558;0,46482038110029267;190,8
2023;5000252;Alcinópolis;MS;5489;384368067,0;70025,1533977045;84718,55;86344589,0;33760784,24;11254999,0;0,31666398384939787;0,20983028432885176;11,156609790739326;0,22464038096067954;0,08783451888577415;0,02928182636982692;1;0,08783451888577415;4397,518;0,80115102933139;310,71
2023;5000609;Amambai;MS;40247;2426261174,0;60284,27395830745;61697,68;258982933,5;145632023,36;27953057,89;0,15130501330027202;0,023445645263826975;11,006826551990581;0,10674157270259314;0,06002322623821536;0,011521042412724196;0;0,0;4193,742;0,10420011429423312;354,22
2023;5000708;Anastácio;MS;25336;783841000,0;30937,835491000948;32505,64;129586818,39;60351476,06;7367091,5;-0,18698379477513993;0,0506759558762544;10,339735163405814;0,16532283765457537;0,07699453850972328;0,009398706497873931;0;0,0;2913,177;0,11498172560783076;139,69
2023;5000807;Anaurilândia;MS;9116;623710209,0;68419,28576129882;81498,79;74472137,07;32646395,39;17386249,02;0,42122895016811945;0,19116686266823457;11,133410019443183;0,11940182475031444;0,05234224952376882;0,027875524192357736;0;0,0;3415,657;0,3746881307591049;368,54
2023;5000856;Angélica;MS;11081;1243471217,0;112216,51628914358;115898,15;85008835,01;42864850,13;4547006,29;0,226508126368127;0,03280827663342345;11,62818546524035;0,06836413569354055;0,03447192789344637;0,003656704094020055;0;0,0;1283,627;0,11584035736846855;272,51
2023;5000906;Antônio João;MS;9082;851780994,0;93787,82140497687;91559,82;80030090,87;36241187,28;7117653,83;-0,0711980210933979;-0,023755777706116254;11,448790290797087;0,09395618290820892;0,04254754160433873;0,008356201746854192;0;0,0;1142,895;0,12584177493944065;318,63
2023;5001003;Aparecida do Taboado;MS;26386;2189221716,0;82969,06374592587;79107,53;189938511,01;91813179,65;15543663,74;-0,024966815407441834;-0,04654188046541885;11,326223091346451;0,08676074680870742;0,04193873054473209;0,007100086586204867;0;0,0;2751,485;0,10427821572045783;452,53
2023;5001102;Aquidauana;MS;48184;1437450670,0;29832,530923128008;30712,79;296938474,48;148476170,76;42396671,85;0,07117264153811953;0,029506655556267747;10,303354718801659;0,20657298415673633;0,1032913155621542;0,02949434908260191;0;0,0;17087,021;0,3546202266312469;142,47
2023;5001243;Aral Moreira;MS;12511;1348751703,0;107805,26760450803;125488,62;89060863,04;42398584,91;4858839,17;0,13835225980801225;0,1640305173055452;11,588081800869023;0,06603206716395894;0,03143542641369328;0,0036024712029594373;0;0,0;1653,86;0,13219247062584924;371,36
2023;5001508;Bandeirantes;MS;7281;1001346231,0;137528,66790276062;126114,13;80754383,72;36929496,3;3125975,9;-0,07011948491882469;-0,08299748110831229;11,831587668195203;0,08064581582271917;0,03687984750601213;0,0031217732720462;1;0,03687984750601213;3357,926;0,461190221123472;69,13
2023;5001904;Bataguassu;MS;23620;1841917456,0;77981,26401354784;79975,57;148782002,68;71862001,88;4352978,68;0,31251293349916076;0,025574226043159287;11,264223871863383;0,0807756081551572;0,03901477867312204;0,002363286512009689;0;0,0;2392,476;0,10129026248941575;336,79
2023;5002001;Batayporã;MS;11368;784829390,0;69038,47554539057;73266,37;77104947,12;37033953,01;6509861,16;0,2316360765176042;0,061239731142643805;11,142419244768893;0,09824421473308996;0,04718726576995288;0,008294619496856509;0;0,0;1826,578;0,1606771639690359;308,63
2023;5002100;Bela Vista;MS;24842;1176300428,0;47351,27719185251;54425,6;161233836,34;78532075,2;13132222,38;0,07034586052369574;0,1494008235784019;10,765349071679223;0,13706858596841384;0,06676192011042947;0,01116400374207804;0;0,0;4899,44;0,19722405603413573;324,65
2023;5002159;Bodoquena;MS;7802;386420183,0;49528,34952576263;45105,66;84352985,83;46483795,67;6240407,83;-0,24432141063806;-0,08929613633710753;10,81030050230877;0,21829342653667755;0,12029339489754344;0,016149280251233668;0;0,0;2591,933;0,33221391950781853;266,52
2023;5002209;Bonito;MS;22401;1586576757,0;70826,15762689165;67060,18;201847094,25;92151608,52;29997429,53;0,2084094524957396;-0,053172154359863;11,167983669455952;0,127221764317073;0,058082036128051004;0,018907014361360646;0;0,0;5373,016;0,23985607785366722;297,29
2023;5002308;Brasilândia;MS;11835;1159416526,0;97965,06345585128;100130,97;122793727,13;48842173,81;21863917,27;0,09735562992528979;0,022108990413679974;11,49236619874468;0,10590993346768976;0,04212651166747299;0,018857689863565046;0;0,0;5803,542;0,490371102661597;381,44
2023;5002407;Caarapó;MS;31005;2553085299,0;82344,30895016933;83401,45;221430136,54;113656047,53;28600508,09;0,27627490616880945;0,012838102704821663;11,318664625144482;0,08673041070219252;0,044517136804836537;0,011202331587276904;0;0,0;2115,73;0,068238348653443;273,99
2023;5002605;Camapuã;MS;13675;872276480,0;63786,21425959781;64218,25;129347587,47;64773623,07;11066327,83;0,1264825606951363;0,006773172347787737;11,063292368549018;0,14828737268027678;0,07425813323546222;0,01268672041919553;0;0,0;6238,127;0,45617016453382087;140,13
2023;5002704;Campo Grande;MS;916001;42269767537,0;46145,984051327454;47065,77;5275676198,71;2940773689,9;426687396,1;0,04424978225517662;0,019932078833092115;10,739565216671723;0,12480968091655678;0,06957156050895838;0,01009438709892378;0;0,0;8082,978;0,008824202156984545;0,0
2023;5002803;Caracol;MS;6247;251147647,0;40202,920922042584;49870,46;59068170,5;23347371,32;5684843,35;0,1481561212541027;0,2404686258935662;10,601694931719823;0,23519300780070618;0,09296273167950485;0,022635463313737513;1;0,09296273167950485;2943,206;0,4711391067712502;384,83
2023;5002902;Cassilândia;MS;22063;1059973419,0;48043,03218057381;50503,78;174024333,71;81895462,01;7463491,52;0,05990110194781417;0,05121974461597101;10,779852392032502;0,1641780167225118;0,07726180726990477;0,007041206304061101;0;0,0;3658,252;0,1658093640937316;417,75
2023;5002951;Chapadão do Sul;MS;26499;3329527327,0;125647,28204837919;107428,37;299924998,99;163903895,53;26339216,84;-0,05968783065358063;-0,14500048398025356;11,741233911606697;0,09008035361591132;0,0492273765711009;0,007910797615748177;0;0,0;3252,327;0,12273395222461225;330,08
2023;5003108;Corguinho;MS;6158;172551440,0;28020,695030854175;36075,99;41394182,21;21523231,25;12169210,21;0,2363086940535668;0,2874764791971567;10,240698624396147;0,23989473637542522;0,12473515868659224;0,07052511535110921;1;0,12473515868659224;2639,657;0,4286549204287106;100,1
2023;5003157;Coronel Sapucaia;MS;15449;388241057,0;25130,497572658423;27170,62;89063970,65;43341959,25;8791938,63;0,0753447302244008;0,0811813282944922;10,131837430288236;0,22940379190756222;0,1116367227745313;0,022645566385834356;0;0,0;1023,727;0,06626493624182794;397,23
2023;5003207;Corumbá;MS;112669;4187429397,0;37165,76340430819;43497,63;887793844,48;454452932,62;51828004,77;0,0851223965870398;0,1703681389454439;10,52314327789578;0,21201404496898316;0,1085279032872969;0,012377045642162025;0;0,0;64432,45;0,5718738073471851;427,29
2023;5003256;Costa Rica;MS;21456;3341491280,0;155736,91648023864;128336,26;255891851,89;83749927,13;19510030,77;-0,0637542828905352;-0,1759419287936398;11,95592342978407;0,07658013457093325;0,0250636377928839;0,005838719641967762;0;0,0;4159,384;0,19385645041014168;338,89
2023;5003306;Coxim;MS;33547;1400833097,0;41757,32843473336;43570,44;242054395,25;117744419,47;8335518,32;0,1001232141087236;0,043420111349569135;10,639630246246032;0,17279317269728958;0,0840531393227069;0,005950400756415024;0;0,0;6391,486;0,1905233254836498;252,78
2023;5003454;Deodápolis;MS;13043;712633366,0;54637,22809169669;52157,9;84495437,34;40930391,72;34894829,55;0,23698860956940204;-0,04537802825148207;10,908470762571618;0,11856789391475112;0,057435413036778855;0,04896603388901664;0;0,0;828,533;0,06352319251705896;248,54
2023;5003488;Dois Irmãos do Buriti;MS;11547;456776952,0;39558,06287347363;41151,08;86627403,25;38199707,83;10884648,51;0,21515124464209112;0,04027027027027019;10,585524817739799;0,18964924318248003;0,08362879883221427;0,023829241957899837;0;0,0;2431,609;0,21058361479172077;89,83
2023;5003504;Douradina;MS;6025;259999126,0;43153,381908713694;46611,53;46047129,36;25343768,38;4544469,4;0,17283798420716923;0,08013624955181076;10,672516069076835;0,17710493903737198;0,09747635990130213;0,017478787217153954;1;0,09747635990130213;280,457;0,04654887966804979;198,0
2023;5003702;Dourados;MS;227990;20257953123,0;88854,56872231238;83240,35;1503773587,71;831202321,15;50800561,44;0,16146015780600864;-0,06318440873249043;11,394756252883338;0,07423126998959638;0,04103091344437405;0,0025076848155168867;0;0,0;4062,236;0,017817606035352426;224,52
2023;5003751;Eldorado;MS;12447;704591974,0;56607,37318229292;61882,31;87412194,68;44741873,05;3964550,08;0,26090281132811866;0,09318461268224132;10,943894523945495;0,12406073004743028;0,06350040122654023;0,005626731819684338;0;0,0;1012,796;0,0813686832168394;441,3
2023;5003900;Figueirão;MS;3066;186834917,0;60937,67677756034;52793,14;60083125,8;20129908,13;9734278,04;0,1555147032515889;-0,13365357445606108;11,017606928701088;0,32158403131894236;0,10774168155088483;0,05210095733871843;1;0,10774168155088483;4879,932;1,591628180039139;258,06
2023;5003801;Fátima do Sul;MS;19152;769333268,0;40169,865705931494;37329,97;107157963,72;59153274,73;7674901,51;0,053466459499457386;-0,07069726818380317;10,600872384204386;0,13928679309367914;0,07688901181119857;0,00997604267127572;0;0,0;315,333;0,016464755639097745;239,12
2023;5004007;Glória de Dourados;MS;9934;449930239,0;45291,950775115765;43080,26;65941615,31;26208966,97;6926224,82;0,3517642915138459;-0,048831865185752554;10,720884608599368;0,1465596432383821;0,05825117917891266;0,01539399715696815;0;0,0;493,434;0,04967123011878398;276,09
2023;5004106;Guia Lopes da Laguna;MS;9754;477599794,0;48964,50625384458;48048,27;62321924,05;35028821,29;2557031,96;0,32322613287184265;-0,01871227364185113;10,798850952449293;0,13048984700776484;0,07334345979638342;0,005353921823508994;0;0,0;1225,426;0,12563317613286856;231,37
2023;5004304;Iguatemi;MS;16273;962593231,0;59152,782584649416;69712,72;108283748,86;49949626,28;15152054,8;0,27285785138729723;0,17851969872537654;10,987878911151268;0,11249169989228815;0,05189068930820271;0,015740869883594685;0;0,0;2957,41;0,1817372334541879;409,7
2023;5004403;Inocência;MS;7566;946306681,0;125073,57665873645;112601,94;128944393,65;59631818,65;21539084,53;0,9947941762480563;-0,0997144217039505;11,736657456389487;0,13626068191100513;0,06301532034729447;0,022761209407545124;1;0,06301532034729447;5761,19;0,761457837694951;329,83
2023;5004502;Itaporã;MS;25478;1525654290,0;59881,24224821415;63208,12;146516752,14;76889124,4;10316956,03;0,1379486107372958;0,055557857231635976;11,000118583946536;0,09603535551949977;0,05039747530221936;0,006762315747167073;0;0,0;1342,764;0,05270288091686945;234,51
2023;5004601;Itaquiraí;MS;21604;1546552505,0;71586,3962692094;79624,8;151915757,61;62645134,18;18902182,56;0,2543354808344389;0,11228955362199455;11,178660338657073;0,09822864540250446;0,04050630934124024;0,012222140857739582;0;0,0;2063,717;0,09552476393260508;406,51
2023;5004700;Ivinhema;MS;23277;2005468709,0;86156,66576448856;72084,71;187347406,36;86127784,98;27226945,62;0,2842652462555524;-0,16332985873980088;11,363922612897731;0,09341826452800567;0,04294646163935735;0,013576350255585066;0;0,0;2003,43;0,08606908106714783;289,24
2023;5004809;Japorã;MS;9372;242175215,0;25840,291826717883;29722,04;63433240,5;25053288,59;2987678,48;0,2663544691048845;0,15022091310751096;10,159690251436398;0,26193118275955696;0,10345108433164805;0,012336846609179226;0;0,0;416,605;0,04445209133589415;467,39
2023;5004908;Jaraguari;MS;7342;717700528,0;97752,72786706619;100532,36;65283559,18;31470940,12;3634426,16;-0,07647966593793887;0,028435355091749548;11,490196384026683;0,09096211669500123;0,04384968227304969;0,005063987022732134;1;0,04384968227304969;2912,836;0,3967360392263688;47,34
2023;5005004;Jardim;MS;26375;1130237391,0;42852,60250236967;47130,54;146872038,57;87913548,11;9896814,16;0,058416915131073166;0,09982903131645893;10,665521657359442;0,12994795583612045;0,07778325934892026;0,008756403069662735;0;0,0;2126,133;0,08061167772511847;236,0
2023;5005103;Jateí;MS;4015;729978052,0;181812,71531755917;203563,32;88044790,04;30167815,84;4173362,87;0,8722510443845741;0,11963190184049077;12,11073239952044;0,1206129277432029;0,04132701765121015;0,005717107327495375;1;0,04132701765121015;1933,316;0,48152328767123287;265,72
2023;5005152;Juti;MS;6861;517929686,0;75488,95000728757;76969,79;58898826,94;26634913,96;5285835,14;0,3339821539232286;0,01961658493089602;11,23174156700644;0,11371973557816108;0,05142573341509527;0,010205700277238019;1;0,05142573341509527;1569,176;0,22870951756303745;311,48
2023;5005202;Ladário;MS;24040;420685263,0;17499,38698003328;19546,76;132649591,49;65477237,71;8965852,08;0,0899259532463732;0,11699656165783856;9,769921129585667;0,3153178947701812;0,1556442392183346;0,02131249384887533;0;0,0;354,255;0,014736064891846921;426,22
2023;5005251;Laguna Carapã;MS;7496;1257650182,0;167776,17155816435;184975,76;84018544,27;34648434,16;6218528,71;0,40497920872934157;0,10251507574643326;12,030386057914678;0,06680597313347345;0,02755013648143375;0,004944561531499067;1;0,02755013648143375;1725,78;0,23022678762006404;280,39
2023;5005400;Maracaju;MS;48944;5921262311,0;120980,35123814973;131446,32;385189918,73;177997697,17;70591816,82;0,025233528246398906;0,08650964548138607;11,703383424931197;0,06505199373019298;0,03006076877211326;0,011921751328067451;0;0,0;5396,905;0,11026693772474665;160,16
2023;5005608;Miranda;MS;28423;782434815,0;27528,227667733878;30640,46;153613931,04;73194150,05;16358290,83;0,1623530794592929;0,11305607769423553;10,222967217849027;0,19632808777814928;0,09354664266824579;0,020906905618712786;0;0,0;5471,436;0,19250029905358335;209,22
2023;5005681;Mundo Novo;MS;18578;1018195256,0;54806,50532888363;53050,34;116809210,35;63777092,64;1422403,85;0,2142848095393095;-0,032042932319074624;10,911564176271675;0,1147218175115913;0,06263738930639842;0,0013969853440369989;0;0,0;478,38;0,02574981160512434;463,53
2023;5005707;Naviraí;MS;56484;3670206619,0;64977,80998158771;72739,3;341583265,4;200545423,4;16598617,2;0,2734346974791666;0,11944824305844581;11,081801105694034;0,09306921949071881;0,05464145325274397;0,004522529362263133;0;0,0;3189,667;0,056470274768075916;364,75
2023;5005806;Nioaque;MS;13794;618784393,0;44858,952660577066;46806,69;110716936,71;45427522,79;13760485,27;0,1434013346853158;0,04341906202723145;10,711278460957633;0,17892651780246177;0,0734141379516015;0,022237932025541567;0;0,0;3909,44;0,28341597796143253;185,36
2023;5006002;Nova Alvorada do Sul;MS;22967;2592615070,0;112884,35886271606;118807,4;173195452,76;87493884,84;23169696,94;0,043038415537317576;0,05246998441939321;11,634119200794586;0,06680338117451427;0,0337473487107363;0,008936805624600494;0;0,0;4025,012;0,17525197021813907;116,96
2023;5006200;Nova Andradina;MS;56057;3568744549,0;63662,78161514173;73486,9;325804285,52;153576532,4;35287542,01;0,11333097492010613;0,15431501348763454;11,061355394747054;0,09129380964274783;0,04303377008114346;0,009887942811678112;0;0,0;4770,685;0,08510417967426014;297,93
2023;5006259;Novo Horizonte do Sul;MS;3556;450886303,0;126795,92322834645;95506,52;49715535,5;20183630,46;8744889,82;0,68330317631524;-0,24676975217115016;11,750334169272396;0,11026180030135002;0,04476434596861107;0,01939488904811553;1;0,04476434596861107;849,19;0,2388048368953881;322,4
2023;5006309;Paranaíba;MS;42401;2012106193,0;47454,215537369404;49127,28;288194559,53;140217715,52;38638695,38;0,2522824127277621;0,03525648851234231;10,767520641764582;0,14323029297986956;0,06968703540986518;0,01920310941560727;0;0,0;5405,48;0,12748472913374684;406,07
2023;5006358;Paranhos;MS;14576;371182610,0;25465,327250274422;28727,08;96316100,77;49687575,3;6017468,15;0,5399195809018722;0,12808606145035206;10,14507309021883;0,2594844105708508;0,13386288571008215;0,01621161117973711;0;0,0;1307,092;0,08967425905598245;463,01
2023;5006275;Paraíso das Águas;MS;5751;1389705720,0;241645,92592592593;252215,19;110000285,93;36233140,68;13723953,17;-0,10084347470897526;0,04373865698729573;12,395228817730844;0,07915365414916764;0,02607252755640957;0,009875438355395127;1;0,02607252755640957;5061,433;0,8800961571900539;277,43
2023;5006408;Pedro Gomes;MS;7568;460934465,0;60905,71683403805;66407,5;64260693,59;26236020,28;7797483,94;0,18182044649971063;0,09033280507131547;11,017082321772342;0,1394139481195011;0,05691919843746117;0,016916686713804314;1;0,05691919843746117;3553,782;0,4695800739957717;304,47
2023;5006606;Ponta Porã;MS;95320;6069789697,0;63678,028713806125;65963,79;521624861,31;272881148,92;121784198,56;0,29637594746390583;0,035895541041329304;11,061594863911697;0,08593788044548127;0,044957265826668064;0,020063989798557925;0;0,0;5359,354;0,056224863617289136;314,71
2023;5006903;Porto Murtinho;MS;17460;571510637,0;32732,567983963345;44444,41;151662093,77;76746054,09;18252869,41;0,2620653537481372;0,35780387277393255;10,396125824055785;0,2653705529718776;0,13428630916278117;0,03193793470899125;0;0,0;17505,2;1,0025887743413517;440,52
2023;5007109;Ribas do Rio Pardo;MS;25310;3353286399,0;132488,59735282496;144850,38;310441947,96;116356261,35;50772097,43;0,5098239670533093;0,09330453563714913;11,794251862990707;0,09257841741539834;0,03469917194806241;0,015140996440131388;0;0,0;17315,283;0,6841281311734492;97,31
2023;5007208;Rio Brilhante;MS;38844;3833911208,0;98700,21645556585;101963,01;307439014,46;167819973,53;29181092,66;0,17831381752283448;0,03305763144597229;11,499842418484679;0,080189393488948;0,043772524825254115;0,007611311550228265;0;0,0;3983,562;0,10255282669138091;161,57
2023;5007307;Rio Negro;MS;4758;170385672,0;35810,35561160151;35196,38;49973210,24;20279475,44;4787520,74;0,08061295161504423;-0,017145217930179757;10,485992393454243;0,2932946746836788;0,11902101392657008;0,028098141608996326;1;0,11902101392657008;1828,8;0,38436317780580076;153,94
2023;5007406;Rio Verde de Mato Grosso;MS;20025;926596607,0;46271,99036204744;46755,3;160195757,66;79640012,51;4707798,59;0,09801802221996803;0,010445049954586727;10,74229209722933;0,17288619065707414;0,08594895762444768;0,005080742314870143;0;0,0;8173,868;0,4081831710362048;201,56
2023;5007505;Rochedo;MS;5120;352336836,0;68815,78828125;67770,12;55837261,83;24624028,36;4131018,91;-0,05728176933848872;-0,015195229851894587;11,139188478426858;0,158476934923716;0,06988774900618112;0,011724629638213588;1;0,06988774900618112;1309,574;0,255776171875;85,28
2023;5007554;Santa Rita do Pardo;MS;7948;642966615,0;80896,65513336689;91499,45;95486733,77;35297149,27;21401897,9;0,5527181473199021;0,1310658887149565;11,300927756497968;0,14850962949297142;0,0548973281762071;0,033286172875398826;1;0,0548973281762071;6142,001;0,7727731504781077;240,1
2023;5007802;Selvíria;MS;6555;2691218217,0;410559,60594965675;330535,28;111069749,5;43483632,83;11929645,32;-0,09138119715086512;-0,19491525423728817;12,92527640062148;0,04127117927427436;0,016157601994264442;0,004432804907696566;1;0,016157601994264442;3254,917;0,49655484363081615;398,44
2023;5007703;Sete Quedas;MS;10751;493949383,0;45944,50590642731;44929,0;68731087,63;34155665,0;6688884,53;0,20773216797241645;-0,022102965253774753;10,735189553854466;0,13914601373234228;0,06914810742865125;0,013541639609660167;0;0,0;839,117;0,07805013487117476;469,41
2023;5007901;Sidrolândia;MS;60792;4102346427,0;67481,68224437426;87065,38;358767765,35;187049691,66;21746611,19;0,03553971797790889;0,2902075639882846;11,119611465874573;0,08745428299003087;0,045595781582197424;0,005301017741181613;0;0,0;5265,695;0,0866182227924727;71,08
2023;5007935;Sonora;MS;20158;1489092586,0;73871,04802063697;102582,85;137365662,05;67178219,44;21162315,25;-0,0024280490262207355;0,38867456599614214;11,210076257786932;0,09224789871460687;0,04511352757483946;0,01421155101365873;0;0,0;4185,528;0,20763607500744122;359,54
2023;5007695;São Gabriel do Oeste;MS;27660;2883850034,0;104260,66644974693;97496,54;280635927,89;123218982,44;18298265,32;-0,10165616366911479;-0,06487710875959296;11,554649450491835;0,09731294088852055;0,04272725037268703;0,006345082131271463;0;0,0;3849,875;0,1391856471438901;136,75
2023;5007950;Tacuru;MS;11795;378151187,0;32060,295633743113;34988,08;79946997,97;40055948,27;10131348,33;0,2642596422154102;0,09132124352331616;10,37537364738563;0,21141543572624036;0,10592575045916755;0,02679179301372919;0;0,0;1784,207;0,15126807969478592;421,18
2023;5007976;Taquarussu;MS;3588;215369240,0;60024,8717948718;59412,2;56541011,77;23666504,85;3147082,93;0,3042669895848611;-0,010206896551724132;11,00251428522498;0,2625305812937818;0,10988804552590704;0,014612499584434622;1;0,10988804552590704;1052,232;0,29326421404682274;330,1
2023;5008008;Terenos;MS;22721;1348544080,0;59352,3207605299;76396,11;126749040,21;60522224,46;14765568,49;0,4434547025302902;0,28716292771357343;10,991246502230851;0,09398954182498802;0,044879678282373985;0,010949266478556638;0;0,0;2845,723;0,12524638000088023;32,59
2023;5008305;Três Lagoas;MS;125137;14761815743,0;117965,23604529435;111703,31;1167614139,74;545649602,93;188305452,91;0,13158369992960228;-0,05308281372964463;11,678145250256172;0,07909691870349204;0,036963583100455985;0,012756252766485976;0;0,0;10217,071;0,0816470827972542;324,44
2023;5008404;Vicentina;MS;6115;384733891,0;62916,417170891255;60721,89;58005667,52;25527561,32;7174149,38;0,20617300453543796;-0,0348800505050505;11,049562412939531;0,15076828134176515;0,06635121552106778;0,01864704292453404;1;0,06635121552106778;312,429;0,05109223221586263;247,47
2023;5000203;Água Clara;MS;16025;1544633286,0;96388,97260530421;92266,49;180824925,17;91245725,09;14443062,49;-0,10116197612542244;-0,04276924914879632;11,476147081994206;0,1170665728939885;0,059072742972081725;0,009350479897660318;0;0,0;7781,558;0,48558864274570984;190,8
